net_id,net_type,species_id,original_id,body_mass,trophic_level,metabolic_class
1,meta_size,1,1,0.0,1.7999999999999998,invertebrate
1,meta_size,2,2,0.0,1.9549122807017534,invertebrate
1,meta_size,3,3,0.0,1.982657894736843,invertebrate
1,meta_size,4,4,0.0,2.126292536027568,invertebrate
1,meta_size,5,5,0.0,2.1244754855889716,invertebrate
1,meta_size,6,6,0.0,2.077895989974938,invertebrate
1,meta_size,7,7,0.0,1.0,producer
1,meta_size,8,8,0.0,1.0,producer
1,meta_size,9,9,0.0,1.0,producer
1,meta_size,10,10,0.0,1.0,producer
1,meta_size,11,11,0.0,1.0,producer
1,meta_size,12,12,0.0,1.0,producer
1,meta_size,13,13,0.0,1.0,producer
1,meta_size,14,14,0.0,1.0,producer
1,meta_size,15,15,0.0,1.0,producer
1,meta_size,16,16,0.0,1.0,producer
1,meta_size,17,17,0.0,1.0,producer
1,meta_size,18,18,0.0,1.0,producer
1,meta_size,19,19,0.0,1.0,producer
1,meta_size,20,20,0.0,1.0,producer
1,meta_size,21,21,0.0,1.0,producer
1,meta_size,22,22,0.0,1.0,producer
1,meta_size,23,23,0.0,1.0,producer
1,meta_size,24,24,0.0,1.0,producer
1,meta_size,25,25,0.0,1.0,producer
1,meta_size,26,26,0.0,1.0,producer
1,meta_size,27,27,0.0,1.0,producer
1,meta_size,28,28,0.0,1.0,producer
1,meta_size,29,29,0.0,1.0,producer
1,meta_size,30,30,0.0,1.0,producer
1,meta_size,31,31,0.0,1.0,producer
1,meta_size,32,32,0.0,1.0,producer
1,meta_size,33,33,0.0,2.046189741215208,invertebrate
1,meta_size,34,34,0.0,2.02800792303339,invertebrate
1,meta_size,35,35,0.0,2.02800792303339,invertebrate
1,meta_size,36,36,0.0,1.9033333333333338,invertebrate
1,meta_size,37,37,0.0,2.0778959899749374,invertebrate
1,meta_size,38,38,0.0,1.0,producer
1,meta_size,39,39,0.0,1.4000000000000001,invertebrate
1,meta_size,40,40,0.0,1.0,producer
1,meta_size,41,41,0.0,1.8982456140350874,invertebrate
1,meta_size,42,42,0.0,1.6666666666666667,invertebrate
1,meta_size,43,43,0.0,1.0,producer
1,meta_size,44,44,0.0,1.0,producer
1,meta_size,45,45,0.0,1.0,producer
1,meta_size,46,46,0.0,1.0,producer
1,meta_size,47,47,0.0,1.0,producer
1,meta,1,1,0.0,1.7999999999999998,invertebrate
1,meta,2,2,0.0,1.955071770334928,invertebrate
1,meta,3,3,0.0,1.9828253588516755,invertebrate
1,meta,4,4,0.0,2.1263668482285256,invertebrate
1,meta,5,5,0.0,2.1247162152540433,invertebrate
1,meta,6,6,0.0,2.0780634540897704,invertebrate
1,meta,7,7,0.0,1.0,producer
1,meta,8,8,0.0,1.0,producer
1,meta,9,9,0.0,1.0,producer
1,meta,10,10,0.0,1.0,producer
1,meta,11,11,0.0,1.0,producer
1,meta,12,12,0.0,1.0,producer
1,meta,13,13,0.0,1.0,producer
1,meta,14,14,0.0,1.0,producer
1,meta,15,15,0.0,1.0,producer
1,meta,16,16,0.0,1.0,producer
1,meta,17,17,0.0,1.0,producer
1,meta,18,18,0.0,1.0,producer
1,meta,19,19,0.0,1.0,producer
1,meta,20,20,0.0,1.0,producer
1,meta,21,21,0.0,1.0,producer
1,meta,22,22,0.0,1.0,producer
1,meta,23,23,0.0,1.0,producer
1,meta,24,24,0.0,1.0,producer
1,meta,25,25,0.0,1.0,producer
1,meta,26,26,0.0,1.0,producer
1,meta,27,27,0.0,1.0,producer
1,meta,28,28,0.0,1.0,producer
1,meta,29,29,0.0,1.0,producer
1,meta,30,30,0.0,1.0,producer
1,meta,31,31,0.0,1.0,producer
1,meta,32,32,0.0,1.0,producer
1,meta,33,33,0.0,2.0483454236764933,invertebrate
1,meta,34,34,0.0,2.0301636054946752,invertebrate
1,meta,35,35,0.0,2.0301636054946752,invertebrate
1,meta,36,36,0.0,1.9063636363636365,invertebrate
1,meta,37,37,0.0,2.07806345408977,invertebrate
1,meta,38,38,0.0,1.0,producer
1,meta,39,39,0.0,1.4000000000000001,invertebrate
1,meta,40,40,0.0,1.0,producer
1,meta,41,41,0.0,1.9014354066985641,invertebrate
1,meta,42,42,0.0,1.7272727272727273,invertebrate
1,meta,43,43,0.0,1.0,producer
1,meta,44,44,0.0,1.0,producer
1,meta,45,45,0.0,1.0,producer
1,meta,46,46,0.0,1.0,producer
1,meta,47,47,0.0,1.0,producer
1,niche,1,1,190.734380354888,3.2804289827819244,invertebrate
1,niche,2,2,190.546071796325,3.2800000000000007,invertebrate
1,niche,3,3,294.39181734286046,3.468925734564136,invertebrate
1,niche,4,4,163.32520850320884,3.2130532212885163,invertebrate
1,niche,5,6,684.1613711609396,3.8351585495841425,invertebrate
1,niche,6,9,109.08864398224885,3.037779543324021,invertebrate
1,niche,7,10,10.0,2.0,invertebrate
1,niche,8,16,99.9999999999999,2.9999999999999996,invertebrate
1,niche,9,17,81.23179781734792,2.9097260651205135,invertebrate
1,niche,10,19,117.2218924920374,3.069008728581296,invertebrate
1,niche,11,20,98.69775207702651,2.9943072613660844,invertebrate
1,niche,12,21,138.55921793284907,3.1416354234001287,invertebrate
1,niche,13,22,36.30780547701014,2.56,invertebrate
1,niche,14,23,17.78279410038923,2.25,invertebrate
1,niche,15,24,1.0,1.0,producer
1,niche,16,25,23.785909309099203,2.3763197586726994,invertebrate
1,niche,17,26,13.894954943731374,2.142857142857143,invertebrate
1,niche,18,27,14.67799267622069,2.1666666666666665,invertebrate
1,niche,19,28,190.546071796325,3.2800000000000007,invertebrate
1,niche,20,29,1.0,1.0,producer
1,niche,21,30,26.365393642933014,2.421034259857789,invertebrate
1,niche,22,31,55.74495370798158,2.746205559146736,invertebrate
1,niche,23,34,36.30780547701014,2.56,invertebrate
1,niche,24,35,10.0,2.0,invertebrate
1,niche,25,37,6.30957344480193,1.7999999999999998,invertebrate
1,niche,26,38,1.0,1.0,producer
1,niche,27,39,10.0,2.0,invertebrate
1,niche,28,40,10.0,2.0,invertebrate
1,niche,29,41,1.0,1.0,producer
1,niche,30,43,3.1622776601683795,1.5,invertebrate
1,niche,31,44,1.0,1.0,producer
1,niche,32,45,10.0,2.0,invertebrate
1,niche,33,46,1.0,1.0,producer
1,niche,34,47,1.0,1.0,producer
1,down_size,1,1,0.0,1.65625,invertebrate
1,down_size,2,2,0.0,1.9095818014705883,invertebrate
1,down_size,3,3,0.0,1.9043887867647054,invertebrate
1,down_size,4,4,0.0,2.5752063419117643,invertebrate
1,down_size,5,5,0.0,2.0620611213235294,invertebrate
1,down_size,6,6,0.0,2.0638430606617653,invertebrate
1,down_size,7,7,0.0,1.0,producer
1,down_size,8,8,0.0,1.0,producer
1,down_size,9,9,0.0,1.0,producer
1,down_size,10,10,0.0,1.0,producer
1,down_size,11,11,0.0,1.0,producer
1,down_size,12,12,0.0,1.0,producer
1,down_size,13,13,0.0,1.0,producer
1,down_size,14,14,0.0,1.0,producer
1,down_size,15,15,0.0,1.0,producer
1,down_size,16,16,0.0,1.0,producer
1,down_size,17,17,0.0,1.0,producer
1,down_size,18,18,0.0,1.0,producer
1,down_size,19,19,0.0,1.0,producer
1,down_size,20,20,0.0,1.0,producer
1,down_size,21,21,0.0,1.0,producer
1,down_size,22,22,0.0,1.0,producer
1,down_size,23,23,0.0,1.0,producer
1,down_size,24,24,0.0,1.0,producer
1,down_size,25,25,0.0,1.0,producer
1,down_size,26,26,0.0,1.0,producer
1,down_size,27,27,0.0,1.0,producer
1,down_size,28,28,0.0,1.0,producer
1,down_size,29,29,0.0,1.0,producer
1,down_size,30,30,0.0,1.0,producer
1,down_size,31,31,0.0,1.0,producer
1,down_size,32,32,0.0,1.0,producer
1,down_size,33,33,0.0,2.062911594631217,invertebrate
1,down_size,34,34,0.0,2.040184321903944,invertebrate
1,down_size,35,35,0.0,2.013839477396798,invertebrate
1,down_size,36,36,0.0,2.125,invertebrate
1,down_size,37,37,0.0,1.909581801470588,invertebrate
1,down_size,38,38,0.0,1.0,producer
1,down_size,39,39,0.0,1.25,invertebrate
1,down_size,40,40,0.0,1.0,producer
1,down_size,41,41,0.0,1.8970588235294117,invertebrate
1,down_size,42,42,0.0,2.0,invertebrate
1,down_size,43,43,0.0,1.0,producer
1,down_size,44,44,0.0,1.0,producer
1,down_size,45,45,0.0,1.0,producer
1,down_size,46,46,0.0,1.0,producer
1,down_size,47,47,0.0,1.0,producer
1,down,1,1,0.0,1.5714285714285712,invertebrate
1,down,2,2,0.0,1.838095238095238,invertebrate
1,down,3,3,0.0,1.9064425770308122,invertebrate
1,down,4,4,0.0,1.8732670753099,invertebrate
1,down,5,5,0.0,2.0763160773374896,invertebrate
1,down,6,6,0.0,2.2091511081420014,invertebrate
1,down,7,7,0.0,1.0,producer
1,down,8,8,0.0,1.0,producer
1,down,9,9,0.0,1.0,producer
1,down,10,10,0.0,1.0,producer
1,down,11,11,0.0,1.0,producer
1,down,12,12,0.0,1.0,producer
1,down,13,13,0.0,1.0,producer
1,down,14,14,0.0,1.0,producer
1,down,15,15,0.0,1.0,producer
1,down,16,16,0.0,1.0,producer
1,down,17,17,0.0,1.0,producer
1,down,18,18,0.0,1.0,producer
1,down,19,19,0.0,1.0,producer
1,down,20,20,0.0,1.0,producer
1,down,21,21,0.0,1.0,producer
1,down,22,22,0.0,1.0,producer
1,down,23,23,0.0,1.0,producer
1,down,24,24,0.0,1.0,producer
1,down,25,25,0.0,1.0,producer
1,down,26,26,0.0,1.0,producer
1,down,27,27,0.0,1.0,producer
1,down,28,28,0.0,1.0,producer
1,down,29,29,0.0,1.0,producer
1,down,30,30,0.0,1.0,producer
1,down,31,31,0.0,1.0,producer
1,down,32,32,0.0,1.0,producer
1,down,33,33,0.0,2.0391886469389156,invertebrate
1,down,34,34,0.0,2.0094588822252972,invertebrate
1,down,35,35,0.0,2.009163292155756,invertebrate
1,down,36,36,0.0,1.8650793650793651,invertebrate
1,down,37,37,0.0,2.0304513437174037,invertebrate
1,down,38,38,0.0,1.0,producer
1,down,39,39,0.0,1.0,invertebrate
1,down,40,40,0.0,1.0,producer
1,down,41,41,0.0,1.838095238095238,invertebrate
1,down,42,42,0.0,1.5714285714285712,invertebrate
1,down,43,43,0.0,1.0,producer
1,down,44,44,0.0,1.0,producer
1,down,45,45,0.0,1.0,producer
1,down,46,46,0.0,1.0,producer
1,down,47,47,0.0,1.0,producer
2,meta_size,1,1,0.0,1.7884615384615383,invertebrate
2,meta_size,2,2,0.0,1.9461899942163092,invertebrate
2,meta_size,3,3,0.0,1.980999493927126,invertebrate
2,meta_size,4,4,0.0,2.1208326147844083,invertebrate
2,meta_size,5,5,0.0,2.1199914404661797,invertebrate
2,meta_size,6,6,0.0,2.07427498199654,invertebrate
2,meta_size,7,7,0.0,1.0,producer
2,meta_size,8,8,0.0,1.0,producer
2,meta_size,9,9,0.0,1.0,producer
2,meta_size,10,10,0.0,1.0,producer
2,meta_size,11,11,0.0,1.0,producer
2,meta_size,12,12,0.0,1.0,producer
2,meta_size,13,13,0.0,1.0,producer
2,meta_size,14,14,0.0,1.0,producer
2,meta_size,15,15,0.0,1.0,producer
2,meta_size,16,16,0.0,1.0,producer
2,meta_size,17,17,0.0,1.0,producer
2,meta_size,18,18,0.0,1.0,producer
2,meta_size,19,19,0.0,1.0,producer
2,meta_size,20,20,0.0,1.0,producer
2,meta_size,21,21,0.0,1.0,producer
2,meta_size,22,22,0.0,1.0,producer
2,meta_size,23,23,0.0,1.0,producer
2,meta_size,24,24,0.0,1.0,producer
2,meta_size,25,25,0.0,1.0,producer
2,meta_size,26,26,0.0,1.0,producer
2,meta_size,27,27,0.0,1.0,producer
2,meta_size,28,28,0.0,1.0,producer
2,meta_size,29,29,0.0,1.0,producer
2,meta_size,30,30,0.0,1.0,producer
2,meta_size,31,31,0.0,1.0,producer
2,meta_size,32,32,0.0,1.0,producer
2,meta_size,33,33,0.0,2.0420123806583907,invertebrate
2,meta_size,34,34,0.0,2.0192851079311183,invertebrate
2,meta_size,35,35,0.0,2.0192851079311183,invertebrate
2,meta_size,36,36,0.0,1.8910714285714292,invertebrate
2,meta_size,37,37,0.0,2.03306023145424,invertebrate
2,meta_size,38,38,0.0,1.0,producer
2,meta_size,39,39,0.0,1.25,invertebrate
2,meta_size,40,40,0.0,1.0,producer
2,meta_size,41,41,0.0,1.885338345864661,invertebrate
2,meta_size,42,42,0.0,1.5714285714285712,invertebrate
2,meta_size,43,43,0.0,1.0,producer
2,meta_size,44,44,0.0,1.0,producer
2,meta_size,45,45,0.0,1.0,producer
2,meta_size,46,46,0.0,1.0,producer
2,meta_size,47,47,0.0,1.0,producer
2,meta,1,1,0.0,1.7999999999999998,invertebrate
2,meta,2,2,0.0,1.955071770334928,invertebrate
2,meta,3,3,0.0,1.9828253588516755,invertebrate
2,meta,4,4,0.0,2.1263668482285256,invertebrate
2,meta,5,5,0.0,2.1247162152540433,invertebrate
2,meta,6,6,0.0,2.0780634540897704,invertebrate
2,meta,7,7,0.0,1.0,producer
2,meta,8,8,0.0,1.0,producer
2,meta,9,9,0.0,1.0,producer
2,meta,10,10,0.0,1.0,producer
2,meta,11,11,0.0,1.0,producer
2,meta,12,12,0.0,1.0,producer
2,meta,13,13,0.0,1.0,producer
2,meta,14,14,0.0,1.0,producer
2,meta,15,15,0.0,1.0,producer
2,meta,16,16,0.0,1.0,producer
2,meta,17,17,0.0,1.0,producer
2,meta,18,18,0.0,1.0,producer
2,meta,19,19,0.0,1.0,producer
2,meta,20,20,0.0,1.0,producer
2,meta,21,21,0.0,1.0,producer
2,meta,22,22,0.0,1.0,producer
2,meta,23,23,0.0,1.0,producer
2,meta,24,24,0.0,1.0,producer
2,meta,25,25,0.0,1.0,producer
2,meta,26,26,0.0,1.0,producer
2,meta,27,27,0.0,1.0,producer
2,meta,28,28,0.0,1.0,producer
2,meta,29,29,0.0,1.0,producer
2,meta,30,30,0.0,1.0,producer
2,meta,31,31,0.0,1.0,producer
2,meta,32,32,0.0,1.0,producer
2,meta,33,33,0.0,2.0483454236764933,invertebrate
2,meta,34,34,0.0,2.0301636054946752,invertebrate
2,meta,35,35,0.0,2.0301636054946752,invertebrate
2,meta,36,36,0.0,1.9063636363636365,invertebrate
2,meta,37,37,0.0,2.07806345408977,invertebrate
2,meta,38,38,0.0,1.0,producer
2,meta,39,39,0.0,1.4000000000000001,invertebrate
2,meta,40,40,0.0,1.0,producer
2,meta,41,41,0.0,1.9014354066985641,invertebrate
2,meta,42,42,0.0,1.7272727272727273,invertebrate
2,meta,43,43,0.0,1.0,producer
2,meta,44,44,0.0,1.0,producer
2,meta,45,45,0.0,1.0,producer
2,meta,46,46,0.0,1.0,producer
2,meta,47,47,0.0,1.0,producer
2,niche,1,6,58.133045681649406,2.7644230769230766,invertebrate
2,niche,2,11,63.568320996130545,2.80324074074074,invertebrate
2,niche,3,12,10.0,2.0,invertebrate
2,niche,4,14,663.508800607617,3.821846687607354,invertebrate
2,niche,5,17,1.0,1.0,producer
2,niche,6,27,10.0,2.0,invertebrate
2,niche,7,37,6.49381631576211,1.8124999999999998,invertebrate
2,niche,8,38,17.78279410038923,2.25,invertebrate
2,niche,9,39,9.999999999999995,1.9999999999999998,invertebrate
2,niche,10,40,215.44346900318865,3.333333333333334,invertebrate
2,niche,11,41,21.54434690031882,2.333333333333333,invertebrate
2,niche,12,44,1.0,1.0,producer
2,niche,13,45,1.0,1.0,producer
2,niche,14,46,1.0,1.0,invertebrate
2,niche,15,47,1.0,1.0,producer
2,down_size,1,1,0.0,1.65625,invertebrate
2,down_size,2,2,0.0,1.9265046296296293,invertebrate
2,down_size,3,3,0.0,1.9640882201646097,invertebrate
2,down_size,4,4,0.0,1.9999999999999998,invertebrate
2,down_size,5,5,0.0,1.8176240744094323,invertebrate
2,down_size,6,6,0.0,1.9938648185037617,invertebrate
2,down_size,7,7,0.0,1.0,producer
2,down_size,8,8,0.0,1.0,producer
2,down_size,9,9,0.0,1.0,producer
2,down_size,10,10,0.0,1.0,producer
2,down_size,11,11,0.0,1.0,producer
2,down_size,12,12,0.0,1.0,producer
2,down_size,13,13,0.0,1.0,producer
2,down_size,14,14,0.0,1.0,producer
2,down_size,15,15,0.0,1.0,producer
2,down_size,16,16,0.0,1.0,producer
2,down_size,17,17,0.0,1.0,producer
2,down_size,18,18,0.0,1.0,producer
2,down_size,19,19,0.0,1.0,producer
2,down_size,20,20,0.0,1.0,producer
2,down_size,21,21,0.0,1.0,producer
2,down_size,22,22,0.0,1.0,producer
2,down_size,23,23,0.0,1.0,producer
2,down_size,24,24,0.0,1.0,producer
2,down_size,25,25,0.0,1.0,producer
2,down_size,26,26,0.0,1.0,producer
2,down_size,27,27,0.0,1.0,producer
2,down_size,28,28,0.0,1.0,producer
2,down_size,29,29,0.0,1.0,producer
2,down_size,30,30,0.0,1.0,producer
2,down_size,31,31,0.0,1.0,producer
2,down_size,32,32,0.0,1.0,producer
2,down_size,33,33,0.0,2.0173509286412505,invertebrate
2,down_size,34,34,0.0,1.994623655913978,invertebrate
2,down_size,35,35,0.0,1.994623655913978,invertebrate
2,down_size,36,36,0.0,1.8125,invertebrate
2,down_size,37,37,0.0,2.192228770104766,invertebrate
2,down_size,38,38,0.0,1.0,producer
2,down_size,39,39,0.0,1.25,invertebrate
2,down_size,40,40,0.0,1.0,producer
2,down_size,41,41,0.0,1.7708333333333333,invertebrate
2,down_size,42,42,0.0,1.0,invertebrate
2,down_size,43,43,0.0,1.0,producer
2,down_size,44,44,0.0,1.0,producer
2,down_size,45,45,0.0,1.0,producer
2,down_size,46,46,0.0,1.0,producer
2,down_size,47,47,0.0,1.0,producer
2,down,1,1,0.0,1.7272727272727266,invertebrate
2,down,2,2,0.0,1.9330143540669862,invertebrate
2,down,3,3,0.0,1.9372361384745282,invertebrate
2,down,4,4,0.0,2.4391888779139466,invertebrate
2,down,5,5,0.0,2.141933445937912,invertebrate
2,down,6,6,0.0,1.9951525609851744,invertebrate
2,down,7,7,0.0,1.0,producer
2,down,8,8,0.0,1.0,producer
2,down,9,9,0.0,1.0,producer
2,down,10,10,0.0,1.0,producer
2,down,11,11,0.0,1.0,producer
2,down,12,12,0.0,1.0,producer
2,down,13,13,0.0,1.0,producer
2,down,14,14,0.0,1.0,producer
2,down,15,15,0.0,1.0,producer
2,down,16,16,0.0,1.0,producer
2,down,17,17,0.0,1.0,producer
2,down,18,18,0.0,1.0,producer
2,down,19,19,0.0,1.0,producer
2,down,20,20,0.0,1.0,producer
2,down,21,21,0.0,1.0,producer
2,down,22,22,0.0,1.0,producer
2,down,23,23,0.0,1.0,producer
2,down,24,24,0.0,1.0,producer
2,down,25,25,0.0,1.0,producer
2,down,26,26,0.0,1.0,producer
2,down,27,27,0.0,1.0,producer
2,down,28,28,0.0,1.0,producer
2,down,29,29,0.0,1.0,producer
2,down,30,30,0.0,1.0,producer
2,down,31,31,0.0,1.0,producer
2,down,32,32,0.0,1.0,producer
2,down,33,33,0.0,2.0500528657210677,invertebrate
2,down,34,34,0.0,2.0197498354180374,invertebrate
2,down,35,35,0.0,2.0197498354180374,invertebrate
2,down,36,36,0.0,2.0408163265306123,invertebrate
2,down,37,37,0.0,1.97973174366617,invertebrate
2,down,38,38,0.0,1.0,producer
2,down,39,39,0.0,1.0,producer
2,down,40,40,0.0,1.0,producer
2,down,41,41,0.0,2.0,invertebrate
2,down,42,42,0.0,1.5714285714285712,invertebrate
2,down,43,43,0.0,1.0,producer
2,down,44,44,0.0,1.0,producer
2,down,45,45,0.0,1.0,producer
2,down,46,46,0.0,1.0,producer
2,down,47,47,0.0,1.0,producer
3,meta_size,1,1,0.0,1.7999999999999998,invertebrate
3,meta_size,2,2,0.0,1.955071770334928,invertebrate
3,meta_size,3,3,0.0,1.9828253588516755,invertebrate
3,meta_size,4,4,0.0,2.127235948756688,invertebrate
3,meta_size,5,5,0.0,2.125227450858846,invertebrate
3,meta_size,6,6,0.0,2.0784190962496316,invertebrate
3,meta_size,7,7,0.0,1.0,producer
3,meta_size,8,8,0.0,1.0,producer
3,meta_size,9,9,0.0,1.0,producer
3,meta_size,10,10,0.0,1.0,producer
3,meta_size,11,11,0.0,1.0,producer
3,meta_size,12,12,0.0,1.0,producer
3,meta_size,13,13,0.0,1.0,producer
3,meta_size,14,14,0.0,1.0,producer
3,meta_size,15,15,0.0,1.0,producer
3,meta_size,16,16,0.0,1.0,producer
3,meta_size,17,17,0.0,1.0,producer
3,meta_size,18,18,0.0,1.0,producer
3,meta_size,19,19,0.0,1.0,producer
3,meta_size,20,20,0.0,1.0,producer
3,meta_size,21,21,0.0,1.0,producer
3,meta_size,22,22,0.0,1.0,producer
3,meta_size,23,23,0.0,1.0,producer
3,meta_size,24,24,0.0,1.0,producer
3,meta_size,25,25,0.0,1.0,producer
3,meta_size,26,26,0.0,1.0,producer
3,meta_size,27,27,0.0,1.0,producer
3,meta_size,28,28,0.0,1.0,producer
3,meta_size,29,29,0.0,1.0,producer
3,meta_size,30,30,0.0,1.0,producer
3,meta_size,31,31,0.0,1.0,producer
3,meta_size,32,32,0.0,1.0,producer
3,meta_size,33,33,0.0,2.0483454236764933,invertebrate
3,meta_size,34,34,0.0,2.0301636054946752,invertebrate
3,meta_size,35,35,0.0,2.0301636054946752,invertebrate
3,meta_size,36,36,0.0,1.9063636363636365,invertebrate
3,meta_size,37,37,0.0,2.0858875816067406,invertebrate
3,meta_size,38,38,0.0,1.0,producer
3,meta_size,39,39,0.0,1.4000000000000001,invertebrate
3,meta_size,40,40,0.0,1.0,producer
3,meta_size,41,41,0.0,1.9014354066985641,invertebrate
3,meta_size,42,42,0.0,1.7272727272727273,invertebrate
3,meta_size,43,43,0.0,1.0,producer
3,meta_size,44,44,0.0,1.0,producer
3,meta_size,45,45,0.0,1.0,producer
3,meta_size,46,46,0.0,1.0,producer
3,meta_size,47,47,0.0,1.0,producer
3,meta,1,1,0.0,1.7999999999999998,invertebrate
3,meta,2,2,0.0,1.955071770334928,invertebrate
3,meta,3,3,0.0,1.9828253588516755,invertebrate
3,meta,4,4,0.0,2.1263668482285256,invertebrate
3,meta,5,5,0.0,2.1247162152540433,invertebrate
3,meta,6,6,0.0,2.0780634540897704,invertebrate
3,meta,7,7,0.0,1.0,producer
3,meta,8,8,0.0,1.0,producer
3,meta,9,9,0.0,1.0,producer
3,meta,10,10,0.0,1.0,producer
3,meta,11,11,0.0,1.0,producer
3,meta,12,12,0.0,1.0,producer
3,meta,13,13,0.0,1.0,producer
3,meta,14,14,0.0,1.0,producer
3,meta,15,15,0.0,1.0,producer
3,meta,16,16,0.0,1.0,producer
3,meta,17,17,0.0,1.0,producer
3,meta,18,18,0.0,1.0,producer
3,meta,19,19,0.0,1.0,producer
3,meta,20,20,0.0,1.0,producer
3,meta,21,21,0.0,1.0,producer
3,meta,22,22,0.0,1.0,producer
3,meta,23,23,0.0,1.0,producer
3,meta,24,24,0.0,1.0,producer
3,meta,25,25,0.0,1.0,producer
3,meta,26,26,0.0,1.0,producer
3,meta,27,27,0.0,1.0,producer
3,meta,28,28,0.0,1.0,producer
3,meta,29,29,0.0,1.0,producer
3,meta,30,30,0.0,1.0,producer
3,meta,31,31,0.0,1.0,producer
3,meta,32,32,0.0,1.0,producer
3,meta,33,33,0.0,2.0483454236764933,invertebrate
3,meta,34,34,0.0,2.0301636054946752,invertebrate
3,meta,35,35,0.0,2.0301636054946752,invertebrate
3,meta,36,36,0.0,1.9063636363636365,invertebrate
3,meta,37,37,0.0,2.07806345408977,invertebrate
3,meta,38,38,0.0,1.0,producer
3,meta,39,39,0.0,1.4000000000000001,invertebrate
3,meta,40,40,0.0,1.0,producer
3,meta,41,41,0.0,1.9014354066985641,invertebrate
3,meta,42,42,0.0,1.7272727272727273,invertebrate
3,meta,43,43,0.0,1.0,producer
3,meta,44,44,0.0,1.0,producer
3,meta,45,45,0.0,1.0,producer
3,meta,46,46,0.0,1.0,producer
3,meta,47,47,0.0,1.0,producer
3,niche,1,2,228.75732003183955,3.359375,invertebrate
3,niche,2,3,523.2991146814946,3.71875,invertebrate
3,niche,3,4,1271.0617996147432,4.104166666666666,invertebrate
3,niche,4,10,220.67340690845853,3.343749999999999,invertebrate
3,niche,5,14,751.0467006415731,3.875666942597183,invertebrate
3,niche,6,16,10.0,2.0,invertebrate
3,niche,7,17,1197.08503049573,4.078125,invertebrate
3,niche,8,18,1.0,1.0,producer
3,niche,9,19,382.76602361538704,3.5829333804861188,invertebrate
3,niche,10,22,259.87992171751023,3.4147727272727275,invertebrate
3,niche,11,23,177.82794100389228,3.25,invertebrate
3,niche,12,24,87.99225435691075,2.9444444444444446,invertebrate
3,niche,13,25,298.7340282947089,3.4752846951816405,invertebrate
3,niche,14,27,48.40245121026019,2.684867355862057,invertebrate
3,niche,15,28,1.0,1.0,producer
3,niche,16,31,1.0,1.0,producer
3,niche,17,34,177.82794100389228,3.25,invertebrate
3,niche,18,35,68.12920690579608,2.833333333333333,invertebrate
3,niche,19,36,115.47819846894582,3.0625,invertebrate
3,niche,20,37,146.77992676220705,3.166666666666667,invertebrate
3,niche,21,38,100.0,3.0,invertebrate
3,niche,22,39,1.0,1.0,producer
3,niche,23,40,1.0,1.0,producer
3,niche,24,42,100.0,3.0,invertebrate
3,niche,25,43,1.0,1.0,producer
3,niche,26,44,10.0,2.0,invertebrate
3,niche,27,45,100.0,3.0,invertebrate
3,niche,28,46,10.0,2.0,invertebrate
3,niche,29,47,1.0,1.0,producer
3,down_size,1,1,0.0,2.1428571428571423,invertebrate
3,down_size,2,2,0.0,2.196031746031746,invertebrate
3,down_size,3,3,0.0,1.937675070028011,invertebrate
3,down_size,4,4,0.0,1.748502209282663,invertebrate
3,down_size,5,5,0.0,2.264850402103098,invertebrate
3,down_size,6,6,0.0,2.0563337671026414,invertebrate
3,down_size,7,7,0.0,1.0,producer
3,down_size,8,8,0.0,1.0,producer
3,down_size,9,9,0.0,1.0,producer
3,down_size,10,10,0.0,1.0,producer
3,down_size,11,11,0.0,1.0,producer
3,down_size,12,12,0.0,1.0,producer
3,down_size,13,13,0.0,1.0,producer
3,down_size,14,14,0.0,1.0,producer
3,down_size,15,15,0.0,1.0,producer
3,down_size,16,16,0.0,1.0,producer
3,down_size,17,17,0.0,1.0,producer
3,down_size,18,18,0.0,1.0,producer
3,down_size,19,19,0.0,1.0,producer
3,down_size,20,20,0.0,1.0,producer
3,down_size,21,21,0.0,1.0,producer
3,down_size,22,22,0.0,1.0,producer
3,down_size,23,23,0.0,1.0,producer
3,down_size,24,24,0.0,1.0,producer
3,down_size,25,25,0.0,1.0,producer
3,down_size,26,26,0.0,1.0,producer
3,down_size,27,27,0.0,1.0,producer
3,down_size,28,28,0.0,1.0,producer
3,down_size,29,29,0.0,1.0,producer
3,down_size,30,30,0.0,1.0,producer
3,down_size,31,31,0.0,1.0,producer
3,down_size,32,32,0.0,1.0,producer
3,down_size,33,33,0.0,2.044299678314748,invertebrate
3,down_size,34,34,0.0,2.0456840432620838,invertebrate
3,down_size,35,35,0.0,2.04715772207699,invertebrate
3,down_size,36,36,0.0,1.9999999999999998,invertebrate
3,down_size,37,37,0.0,2.079522780240705,invertebrate
3,down_size,38,38,0.0,1.0,producer
3,down_size,39,39,0.0,2.0,invertebrate
3,down_size,40,40,0.0,1.0,producer
3,down_size,41,41,0.0,1.797619047619048,invertebrate
3,down_size,42,42,0.0,1.5714285714285712,invertebrate
3,down_size,43,43,0.0,1.0,producer
3,down_size,44,44,0.0,1.0,producer
3,down_size,45,45,0.0,1.0,producer
3,down_size,46,46,0.0,1.0,producer
3,down_size,47,47,0.0,1.0,producer
3,down,1,1,0.0,1.8333333333333328,invertebrate
3,down,2,2,0.0,1.9071428571428568,invertebrate
3,down,3,3,0.0,2.0787878787878786,invertebrate
3,down,4,4,0.0,2.413915043290043,invertebrate
3,down,5,5,0.0,2.070282061688312,invertebrate
3,down,6,6,0.0,1.9907873376623377,invertebrate
3,down,7,7,0.0,1.0,producer
3,down,8,8,0.0,1.0,producer
3,down,9,9,0.0,1.0,producer
3,down,10,10,0.0,1.0,producer
3,down,11,11,0.0,1.0,producer
3,down,12,12,0.0,1.0,producer
3,down,13,13,0.0,1.0,producer
3,down,14,14,0.0,1.0,producer
3,down,15,15,0.0,1.0,producer
3,down,16,16,0.0,1.0,producer
3,down,17,17,0.0,1.0,producer
3,down,18,18,0.0,1.0,producer
3,down,19,19,0.0,1.0,producer
3,down,20,20,0.0,1.0,producer
3,down,21,21,0.0,1.0,producer
3,down,22,22,0.0,1.0,producer
3,down,23,23,0.0,1.0,producer
3,down,24,24,0.0,1.0,producer
3,down,25,25,0.0,1.0,producer
3,down,26,26,0.0,1.0,producer
3,down,27,27,0.0,1.0,producer
3,down,28,28,0.0,1.0,producer
3,down,29,29,0.0,1.0,producer
3,down,30,30,0.0,1.0,producer
3,down,31,31,0.0,1.0,producer
3,down,32,32,0.0,1.0,producer
3,down,33,33,0.0,2.063176925664312,invertebrate
3,down,34,34,0.0,2.029994954591322,invertebrate
3,down,35,35,0.0,2.0631769256643118,invertebrate
3,down,36,36,0.0,2.125,invertebrate
3,down,37,37,0.0,2.079843717790146,invertebrate
3,down,38,38,0.0,1.0,producer
3,down,39,39,0.0,2.0,invertebrate
3,down,40,40,0.0,1.0,producer
3,down,41,41,0.0,1.8666666666666665,invertebrate
3,down,42,42,0.0,2.0,invertebrate
3,down,43,43,0.0,1.0,producer
3,down,44,44,0.0,1.0,producer
3,down,45,45,0.0,1.0,producer
3,down,46,46,0.0,1.0,producer
3,down,47,47,0.0,1.0,producer
4,meta_size,1,1,0.0,1.7999999999999998,invertebrate
4,meta_size,2,2,0.0,1.955071770334928,invertebrate
4,meta_size,3,3,0.0,1.9828253588516755,invertebrate
4,meta_size,4,4,0.0,2.12176492490545,invertebrate
4,meta_size,5,5,0.0,2.1220092015345875,invertebrate
4,meta_size,6,6,0.0,2.0366343745572255,invertebrate
4,meta_size,7,7,0.0,1.0,producer
4,meta_size,8,8,0.0,1.0,producer
4,meta_size,9,9,0.0,1.0,producer
4,meta_size,10,10,0.0,1.0,producer
4,meta_size,11,11,0.0,1.0,producer
4,meta_size,12,12,0.0,1.0,producer
4,meta_size,13,13,0.0,1.0,producer
4,meta_size,14,14,0.0,1.0,producer
4,meta_size,15,15,0.0,1.0,producer
4,meta_size,16,16,0.0,1.0,producer
4,meta_size,17,17,0.0,1.0,producer
4,meta_size,18,18,0.0,1.0,producer
4,meta_size,19,19,0.0,1.0,producer
4,meta_size,20,20,0.0,1.0,producer
4,meta_size,21,21,0.0,1.0,producer
4,meta_size,22,22,0.0,1.0,producer
4,meta_size,23,23,0.0,1.0,producer
4,meta_size,24,24,0.0,1.0,producer
4,meta_size,25,25,0.0,1.0,producer
4,meta_size,26,26,0.0,1.0,producer
4,meta_size,27,27,0.0,1.0,producer
4,meta_size,28,28,0.0,1.0,producer
4,meta_size,29,29,0.0,1.0,producer
4,meta_size,30,30,0.0,1.0,producer
4,meta_size,31,31,0.0,1.0,producer
4,meta_size,32,32,0.0,1.0,producer
4,meta_size,33,33,0.0,2.0498562181663837,invertebrate
4,meta_size,34,34,0.0,2.0301636054946752,invertebrate
4,meta_size,35,35,0.0,2.0301636054946752,invertebrate
4,meta_size,36,36,0.0,1.9063636363636365,invertebrate
4,meta_size,37,37,0.0,2.076180314111018,invertebrate
4,meta_size,38,38,0.0,1.0,producer
4,meta_size,39,39,0.0,1.4000000000000001,invertebrate
4,meta_size,40,40,0.0,1.0,producer
4,meta_size,41,41,0.0,1.9014354066985641,invertebrate
4,meta_size,42,42,0.0,1.7272727272727273,invertebrate
4,meta_size,43,43,0.0,1.0,producer
4,meta_size,44,44,0.0,1.0,producer
4,meta_size,45,45,0.0,1.0,producer
4,meta_size,46,46,0.0,1.0,producer
4,meta_size,47,47,0.0,1.0,producer
4,meta,1,1,0.0,1.7999999999999998,invertebrate
4,meta,2,2,0.0,1.955071770334928,invertebrate
4,meta,3,3,0.0,1.9828253588516755,invertebrate
4,meta,4,4,0.0,2.1263668482285256,invertebrate
4,meta,5,5,0.0,2.1247162152540433,invertebrate
4,meta,6,6,0.0,2.0780634540897704,invertebrate
4,meta,7,7,0.0,1.0,producer
4,meta,8,8,0.0,1.0,producer
4,meta,9,9,0.0,1.0,producer
4,meta,10,10,0.0,1.0,producer
4,meta,11,11,0.0,1.0,producer
4,meta,12,12,0.0,1.0,producer
4,meta,13,13,0.0,1.0,producer
4,meta,14,14,0.0,1.0,producer
4,meta,15,15,0.0,1.0,producer
4,meta,16,16,0.0,1.0,producer
4,meta,17,17,0.0,1.0,producer
4,meta,18,18,0.0,1.0,producer
4,meta,19,19,0.0,1.0,producer
4,meta,20,20,0.0,1.0,producer
4,meta,21,21,0.0,1.0,producer
4,meta,22,22,0.0,1.0,producer
4,meta,23,23,0.0,1.0,producer
4,meta,24,24,0.0,1.0,producer
4,meta,25,25,0.0,1.0,producer
4,meta,26,26,0.0,1.0,producer
4,meta,27,27,0.0,1.0,producer
4,meta,28,28,0.0,1.0,producer
4,meta,29,29,0.0,1.0,producer
4,meta,30,30,0.0,1.0,producer
4,meta,31,31,0.0,1.0,producer
4,meta,32,32,0.0,1.0,producer
4,meta,33,33,0.0,2.0483454236764933,invertebrate
4,meta,34,34,0.0,2.0301636054946752,invertebrate
4,meta,35,35,0.0,2.0301636054946752,invertebrate
4,meta,36,36,0.0,1.9063636363636365,invertebrate
4,meta,37,37,0.0,2.07806345408977,invertebrate
4,meta,38,38,0.0,1.0,producer
4,meta,39,39,0.0,1.4000000000000001,invertebrate
4,meta,40,40,0.0,1.0,producer
4,meta,41,41,0.0,1.9014354066985641,invertebrate
4,meta,42,42,0.0,1.7272727272727273,invertebrate
4,meta,43,43,0.0,1.0,producer
4,meta,44,44,0.0,1.0,producer
4,meta,45,45,0.0,1.0,producer
4,meta,46,46,0.0,1.0,producer
4,meta,47,47,0.0,1.0,producer
4,niche,1,2,1112.4794610632043,4.046292001649144,invertebrate
4,niche,2,9,10.0,2.0,invertebrate
4,niche,3,22,544.6278400672712,3.736099837662338,invertebrate
4,niche,4,26,200.13209370448072,3.301316738816739,invertebrate
4,niche,5,29,88.72621353826392,2.948051948051948,invertebrate
4,niche,6,30,100.0,3.0,invertebrate
4,niche,7,31,31.622776601683793,2.5,invertebrate
4,niche,8,32,78.72340968837601,2.8961038961038956,invertebrate
4,niche,9,33,1.0,1.0,producer
4,niche,10,34,73.46346838552451,2.866071428571429,invertebrate
4,niche,11,36,1.0,1.0,producer
4,niche,12,37,31.622776601683793,2.5,invertebrate
4,niche,13,38,26.826957952797272,2.428571428571429,invertebrate
4,niche,14,39,26.826957952797272,2.428571428571429,invertebrate
4,niche,15,40,100.0,3.0,invertebrate
4,niche,16,41,3.1622776601683795,1.5,invertebrate
4,niche,17,42,1.0,1.0,producer
4,niche,18,43,10.0,2.0,invertebrate
4,niche,19,44,1.0,1.0,producer
4,niche,20,45,10.0,2.0,invertebrate
4,niche,21,46,10.0,2.0,invertebrate
4,niche,22,47,1.0,1.0,producer
4,down_size,1,1,0.0,1.5000000000000002,invertebrate
4,down_size,2,2,0.0,1.893601190476191,invertebrate
4,down_size,3,3,0.0,1.890935019841269,invertebrate
4,down_size,4,4,0.0,2.94152095734127,invertebrate
4,down_size,5,5,0.0,2.4131293402777776,invertebrate
4,down_size,6,6,0.0,1.8852572278911564,invertebrate
4,down_size,7,7,0.0,1.0,producer
4,down_size,8,8,0.0,1.0,producer
4,down_size,9,9,0.0,1.0,producer
4,down_size,10,10,0.0,1.0,producer
4,down_size,11,11,0.0,1.0,producer
4,down_size,12,12,0.0,1.0,producer
4,down_size,13,13,0.0,1.0,producer
4,down_size,14,14,0.0,1.0,producer
4,down_size,15,15,0.0,1.0,producer
4,down_size,16,16,0.0,1.0,producer
4,down_size,17,17,0.0,1.0,producer
4,down_size,18,18,0.0,1.0,producer
4,down_size,19,19,0.0,1.0,producer
4,down_size,20,20,0.0,1.0,producer
4,down_size,21,21,0.0,1.0,producer
4,down_size,22,22,0.0,1.0,producer
4,down_size,23,23,0.0,1.0,producer
4,down_size,24,24,0.0,1.0,producer
4,down_size,25,25,0.0,1.0,producer
4,down_size,26,26,0.0,1.0,producer
4,down_size,27,27,0.0,1.0,producer
4,down_size,28,28,0.0,1.0,producer
4,down_size,29,29,0.0,1.0,producer
4,down_size,30,30,0.0,1.0,producer
4,down_size,31,31,0.0,1.0,producer
4,down_size,32,32,0.0,1.0,producer
4,down_size,33,33,0.0,2.0352102534562215,invertebrate
4,down_size,34,34,0.0,2.0038402457757294,invertebrate
4,down_size,35,35,0.0,2.0038402457757294,invertebrate
4,down_size,36,36,0.0,1.75,invertebrate
4,down_size,37,37,0.0,2.0483706242913833,invertebrate
4,down_size,38,38,0.0,1.0,producer
4,down_size,39,39,0.0,1.0,invertebrate
4,down_size,40,40,0.0,1.0,producer
4,down_size,41,41,0.0,1.797619047619048,invertebrate
4,down_size,42,42,0.0,1.5714285714285712,invertebrate
4,down_size,43,43,0.0,1.0,producer
4,down_size,44,44,0.0,1.0,producer
4,down_size,45,45,0.0,1.0,producer
4,down_size,46,46,0.0,1.0,producer
4,down_size,47,47,0.0,1.0,producer
4,down,1,1,0.0,1.7777777777777781,invertebrate
4,down,2,2,0.0,1.8148148148148144,invertebrate
4,down,3,3,0.0,1.9133903133903138,invertebrate
4,down,4,4,0.0,2.5068219652533377,invertebrate
4,down,5,5,0.0,2.0599095022624434,invertebrate
4,down,6,6,0.0,1.9235796882855705,invertebrate
4,down,7,7,0.0,1.0,producer
4,down,8,8,0.0,1.0,producer
4,down,9,9,0.0,1.0,producer
4,down,10,10,0.0,1.0,producer
4,down,11,11,0.0,1.0,producer
4,down,12,12,0.0,1.0,producer
4,down,13,13,0.0,1.0,producer
4,down,14,14,0.0,1.0,producer
4,down,15,15,0.0,1.0,producer
4,down,16,16,0.0,1.0,producer
4,down,17,17,0.0,1.0,producer
4,down,18,18,0.0,1.0,producer
4,down,19,19,0.0,1.0,producer
4,down,20,20,0.0,1.0,producer
4,down,21,21,0.0,1.0,producer
4,down,22,22,0.0,1.0,producer
4,down,23,23,0.0,1.0,producer
4,down,24,24,0.0,1.0,producer
4,down,25,25,0.0,1.0,producer
4,down,26,26,0.0,1.0,producer
4,down,27,27,0.0,1.0,producer
4,down,28,28,0.0,1.0,producer
4,down,29,29,0.0,1.0,producer
4,down,30,30,0.0,1.0,producer
4,down,31,31,0.0,1.0,producer
4,down,32,32,0.0,1.0,producer
4,down,33,33,0.0,2.0601978896037183,invertebrate
4,down,34,34,0.0,2.0601978896037183,invertebrate
4,down,35,35,0.0,2.062079073653835,invertebrate
4,down,36,36,0.0,1.941176470588235,invertebrate
4,down,37,37,0.0,2.06763197586727,invertebrate
4,down,38,38,0.0,1.0,producer
4,down,39,39,0.0,2.0,invertebrate
4,down,40,40,0.0,1.0,producer
4,down,41,41,0.0,1.923076923076923,invertebrate
4,down,42,42,0.0,2.0,invertebrate
4,down,43,43,0.0,1.0,producer
4,down,44,44,0.0,1.0,producer
4,down,45,45,0.0,1.0,producer
4,down,46,46,0.0,1.0,producer
4,down,47,47,0.0,1.0,producer
5,meta_size,1,1,0.0,1.7636363636363634,invertebrate
5,meta_size,2,2,0.0,1.9532535885167464,invertebrate
5,meta_size,3,3,0.0,1.9809162679425842,invertebrate
5,meta_size,4,4,0.0,2.1257469618648885,invertebrate
5,meta_size,5,5,0.0,2.124244624344953,invertebrate
5,meta_size,6,6,0.0,2.076154363180679,invertebrate
5,meta_size,7,7,0.0,1.0,producer
5,meta_size,8,8,0.0,1.0,producer
5,meta_size,9,9,0.0,1.0,producer
5,meta_size,10,10,0.0,1.0,producer
5,meta_size,11,11,0.0,1.0,producer
5,meta_size,12,12,0.0,1.0,producer
5,meta_size,13,13,0.0,1.0,producer
5,meta_size,14,14,0.0,1.0,producer
5,meta_size,15,16,0.0,1.0,producer
5,meta_size,16,17,0.0,1.0,producer
5,meta_size,17,19,0.0,1.0,producer
5,meta_size,18,20,0.0,1.0,producer
5,meta_size,19,21,0.0,1.0,producer
5,meta_size,20,22,0.0,1.0,producer
5,meta_size,21,23,0.0,1.0,producer
5,meta_size,22,24,0.0,1.0,producer
5,meta_size,23,25,0.0,1.0,producer
5,meta_size,24,26,0.0,1.0,producer
5,meta_size,25,27,0.0,1.0,producer
5,meta_size,26,28,0.0,1.0,producer
5,meta_size,27,29,0.0,1.0,producer
5,meta_size,28,30,0.0,1.0,producer
5,meta_size,29,31,0.0,1.0,producer
5,meta_size,30,32,0.0,1.0,producer
5,meta_size,31,33,0.0,2.051464483268525,invertebrate
5,meta_size,32,34,0.0,2.0301636054946752,invertebrate
5,meta_size,33,35,0.0,2.0301636054946752,invertebrate
5,meta_size,34,36,0.0,1.9063636363636365,invertebrate
5,meta_size,35,37,0.0,2.076154363180679,invertebrate
5,meta_size,36,38,0.0,1.0,producer
5,meta_size,37,39,0.0,1.4000000000000001,invertebrate
5,meta_size,38,40,0.0,1.0,producer
5,meta_size,39,41,0.0,1.9014354066985641,invertebrate
5,meta_size,40,42,0.0,1.7272727272727273,invertebrate
5,meta_size,41,43,0.0,1.0,producer
5,meta_size,42,44,0.0,1.0,producer
5,meta_size,43,45,0.0,1.0,producer
5,meta_size,44,46,0.0,1.0,producer
5,meta_size,45,47,0.0,1.0,producer
5,meta,1,1,0.0,1.7999999999999998,invertebrate
5,meta,2,2,0.0,1.955071770334928,invertebrate
5,meta,3,3,0.0,1.9828253588516755,invertebrate
5,meta,4,4,0.0,2.1263668482285256,invertebrate
5,meta,5,5,0.0,2.1247162152540433,invertebrate
5,meta,6,6,0.0,2.0780634540897704,invertebrate
5,meta,7,7,0.0,1.0,producer
5,meta,8,8,0.0,1.0,producer
5,meta,9,9,0.0,1.0,producer
5,meta,10,10,0.0,1.0,producer
5,meta,11,11,0.0,1.0,producer
5,meta,12,12,0.0,1.0,producer
5,meta,13,13,0.0,1.0,producer
5,meta,14,14,0.0,1.0,producer
5,meta,15,15,0.0,1.0,producer
5,meta,16,16,0.0,1.0,producer
5,meta,17,17,0.0,1.0,producer
5,meta,18,18,0.0,1.0,producer
5,meta,19,19,0.0,1.0,producer
5,meta,20,20,0.0,1.0,producer
5,meta,21,21,0.0,1.0,producer
5,meta,22,22,0.0,1.0,producer
5,meta,23,23,0.0,1.0,producer
5,meta,24,24,0.0,1.0,producer
5,meta,25,25,0.0,1.0,producer
5,meta,26,26,0.0,1.0,producer
5,meta,27,27,0.0,1.0,producer
5,meta,28,28,0.0,1.0,producer
5,meta,29,29,0.0,1.0,producer
5,meta,30,30,0.0,1.0,producer
5,meta,31,31,0.0,1.0,producer
5,meta,32,32,0.0,1.0,producer
5,meta,33,33,0.0,2.0483454236764933,invertebrate
5,meta,34,34,0.0,2.0301636054946752,invertebrate
5,meta,35,35,0.0,2.0301636054946752,invertebrate
5,meta,36,36,0.0,1.9063636363636365,invertebrate
5,meta,37,37,0.0,2.07806345408977,invertebrate
5,meta,38,38,0.0,1.0,producer
5,meta,39,39,0.0,1.4000000000000001,invertebrate
5,meta,40,40,0.0,1.0,producer
5,meta,41,41,0.0,1.9014354066985641,invertebrate
5,meta,42,42,0.0,1.7272727272727273,invertebrate
5,meta,43,43,0.0,1.0,producer
5,meta,44,44,0.0,1.0,producer
5,meta,45,45,0.0,1.0,producer
5,meta,46,46,0.0,1.0,producer
5,meta,47,47,0.0,1.0,producer
5,niche,1,16,14.677992676220706,2.166666666666667,invertebrate
5,niche,2,35,14.677992676220706,2.166666666666667,invertebrate
5,niche,3,36,52.197182204356466,2.717647058823529,invertebrate
5,niche,4,37,28.632729150003954,2.456862745098039,invertebrate
5,niche,5,39,1.0,1.0,producer
5,niche,6,42,100.0,3.0,invertebrate
5,niche,7,43,1.0,1.0,producer
5,niche,8,44,2.1544346900318843,1.3333333333333335,invertebrate
5,niche,9,45,10.0,2.0,invertebrate
5,niche,10,46,1.0,1.0,producer
5,niche,11,47,1.0,1.0,producer
5,down_size,1,1,0.0,1.7499999999999993,invertebrate
5,down_size,2,2,0.0,1.8441751700680271,invertebrate
5,down_size,3,3,0.0,1.9654486794717885,invertebrate
5,down_size,4,4,0.0,2.134706368929578,invertebrate
5,down_size,5,5,0.0,2.1249989914257745,invertebrate
5,down_size,6,6,0.0,2.083332548886713,invertebrate
5,down_size,7,7,0.0,1.0,producer
5,down_size,8,8,0.0,1.0,producer
5,down_size,9,9,0.0,1.0,producer
5,down_size,10,10,0.0,1.0,producer
5,down_size,11,11,0.0,1.0,producer
5,down_size,12,12,0.0,1.0,producer
5,down_size,13,13,0.0,1.0,producer
5,down_size,14,14,0.0,1.0,producer
5,down_size,15,16,0.0,1.0,producer
5,down_size,16,17,0.0,1.0,producer
5,down_size,17,19,0.0,1.0,producer
5,down_size,18,20,0.0,1.0,producer
5,down_size,19,21,0.0,1.0,producer
5,down_size,20,22,0.0,1.0,producer
5,down_size,21,23,0.0,1.0,producer
5,down_size,22,24,0.0,1.0,producer
5,down_size,23,25,0.0,1.0,producer
5,down_size,24,26,0.0,1.0,producer
5,down_size,25,27,0.0,1.0,producer
5,down_size,26,28,0.0,1.0,producer
5,down_size,27,29,0.0,1.0,producer
5,down_size,28,30,0.0,1.0,producer
5,down_size,29,31,0.0,1.0,producer
5,down_size,30,32,0.0,1.0,producer
5,down_size,31,33,0.0,2.040264512412665,invertebrate
5,down_size,32,34,0.0,2.015096966205837,invertebrate
5,down_size,33,35,0.0,2.015096966205837,invertebrate
5,down_size,34,36,0.0,1.828125,invertebrate
5,down_size,35,37,0.0,2.03857710058193,invertebrate
5,down_size,36,38,0.0,1.0,producer
5,down_size,37,39,0.0,1.25,invertebrate
5,down_size,38,40,0.0,1.0,producer
5,down_size,39,41,0.0,1.818452380952381,invertebrate
5,down_size,40,42,0.0,1.5714285714285712,invertebrate
5,down_size,41,43,0.0,1.0,producer
5,down_size,42,44,0.0,1.0,producer
5,down_size,43,45,0.0,1.0,producer
5,down_size,44,46,0.0,1.0,producer
5,down_size,45,47,0.0,1.0,producer
5,down,1,1,0.0,2.0357142857142856,invertebrate
5,down,2,2,0.0,2.124603174603174,invertebrate
5,down,3,3,0.0,2.1557539682539675,invertebrate
5,down,4,4,0.0,2.0977542496467185,invertebrate
5,down,5,5,0.0,2.3853330704262383,invertebrate
5,down,6,6,0.0,2.240946958493543,invertebrate
5,down,7,7,0.0,1.0,producer
5,down,8,8,0.0,1.0,producer
5,down,9,9,0.0,1.0,producer
5,down,10,10,0.0,1.0,producer
5,down,11,11,0.0,1.0,producer
5,down,12,12,0.0,1.0,producer
5,down,13,13,0.0,1.0,producer
5,down,14,14,0.0,1.0,producer
5,down,15,15,0.0,1.0,producer
5,down,16,16,0.0,1.0,producer
5,down,17,17,0.0,1.0,producer
5,down,18,18,0.0,1.0,producer
5,down,19,19,0.0,1.0,producer
5,down,20,20,0.0,1.0,producer
5,down,21,21,0.0,1.0,producer
5,down,22,22,0.0,1.0,producer
5,down,23,23,0.0,1.0,producer
5,down,24,24,0.0,1.0,producer
5,down,25,25,0.0,1.0,producer
5,down,26,26,0.0,1.0,producer
5,down,27,27,0.0,1.0,producer
5,down,28,28,0.0,1.0,producer
5,down,29,29,0.0,1.0,producer
5,down,30,30,0.0,1.0,producer
5,down,31,31,0.0,1.0,producer
5,down,32,32,0.0,1.0,producer
5,down,33,33,0.0,2.051788826713146,invertebrate
5,down,34,34,0.0,2.0290615539858727,invertebrate
5,down,35,35,0.0,2.029969727547931,invertebrate
5,down,36,36,0.0,1.8166666666666664,invertebrate
5,down,37,37,0.0,2.0712967070886323,invertebrate
5,down,38,38,0.0,1.0,producer
5,down,39,39,0.0,1.25,invertebrate
5,down,40,40,0.0,1.0,producer
5,down,41,41,0.0,1.8333333333333335,invertebrate
5,down,42,42,0.0,2.0,invertebrate
5,down,43,43,0.0,1.0,producer
5,down,44,44,0.0,1.0,producer
5,down,45,45,0.0,1.0,producer
5,down,46,46,0.0,1.0,producer
5,down,47,47,0.0,1.0,producer
6,meta_size,1,1,0.0,1.666666666666667,invertebrate
6,meta_size,2,2,0.0,1.9271929824561398,invertebrate
6,meta_size,3,3,0.0,1.9735526315789476,invertebrate
6,meta_size,4,4,0.0,2.1230854088345854,invertebrate
6,meta_size,5,5,0.0,2.1197200031328314,invertebrate
6,meta_size,6,6,0.0,2.0687907268170425,invertebrate
6,meta_size,7,7,0.0,1.0,producer
6,meta_size,8,8,0.0,1.0,producer
6,meta_size,9,9,0.0,1.0,producer
6,meta_size,10,10,0.0,1.0,producer
6,meta_size,11,11,0.0,1.0,producer
6,meta_size,12,12,0.0,1.0,producer
6,meta_size,13,13,0.0,1.0,producer
6,meta_size,14,14,0.0,1.0,producer
6,meta_size,15,15,0.0,1.0,producer
6,meta_size,16,16,0.0,1.0,producer
6,meta_size,17,17,0.0,1.0,producer
6,meta_size,18,18,0.0,1.0,producer
6,meta_size,19,19,0.0,1.0,producer
6,meta_size,20,20,0.0,1.0,producer
6,meta_size,21,21,0.0,1.0,producer
6,meta_size,22,22,0.0,1.0,producer
6,meta_size,23,23,0.0,1.0,producer
6,meta_size,24,24,0.0,1.0,producer
6,meta_size,25,25,0.0,1.0,producer
6,meta_size,26,26,0.0,1.0,producer
6,meta_size,27,27,0.0,1.0,producer
6,meta_size,28,28,0.0,1.0,producer
6,meta_size,29,29,0.0,1.0,producer
6,meta_size,30,30,0.0,1.0,producer
6,meta_size,31,31,0.0,1.0,producer
6,meta_size,32,32,0.0,1.0,producer
6,meta_size,33,33,0.0,2.0370942017801106,invertebrate
6,meta_size,34,34,0.0,2.0067911714770807,invertebrate
6,meta_size,35,35,0.0,2.0067911714770807,invertebrate
6,meta_size,36,36,0.0,1.6666666666666665,invertebrate
6,meta_size,37,37,0.0,2.0687907268170425,invertebrate
6,meta_size,38,38,0.0,1.0,producer
6,meta_size,39,39,0.0,1.0,invertebrate
6,meta_size,40,40,0.0,1.0,producer
6,meta_size,41,41,0.0,1.8771929824561402,invertebrate
6,meta_size,42,42,0.0,1.6666666666666667,invertebrate
6,meta_size,43,43,0.0,1.0,producer
6,meta_size,44,44,0.0,1.0,producer
6,meta_size,45,45,0.0,1.0,producer
6,meta_size,46,46,0.0,1.0,producer
6,meta_size,47,47,0.0,1.0,producer
6,meta,1,1,0.0,1.7999999999999998,invertebrate
6,meta,2,2,0.0,1.955071770334928,invertebrate
6,meta,3,3,0.0,1.9828253588516755,invertebrate
6,meta,4,4,0.0,2.1263668482285256,invertebrate
6,meta,5,5,0.0,2.1247162152540433,invertebrate
6,meta,6,6,0.0,2.0780634540897704,invertebrate
6,meta,7,7,0.0,1.0,producer
6,meta,8,8,0.0,1.0,producer
6,meta,9,9,0.0,1.0,producer
6,meta,10,10,0.0,1.0,producer
6,meta,11,11,0.0,1.0,producer
6,meta,12,12,0.0,1.0,producer
6,meta,13,13,0.0,1.0,producer
6,meta,14,14,0.0,1.0,producer
6,meta,15,15,0.0,1.0,producer
6,meta,16,16,0.0,1.0,producer
6,meta,17,17,0.0,1.0,producer
6,meta,18,18,0.0,1.0,producer
6,meta,19,19,0.0,1.0,producer
6,meta,20,20,0.0,1.0,producer
6,meta,21,21,0.0,1.0,producer
6,meta,22,22,0.0,1.0,producer
6,meta,23,23,0.0,1.0,producer
6,meta,24,24,0.0,1.0,producer
6,meta,25,25,0.0,1.0,producer
6,meta,26,26,0.0,1.0,producer
6,meta,27,27,0.0,1.0,producer
6,meta,28,28,0.0,1.0,producer
6,meta,29,29,0.0,1.0,producer
6,meta,30,30,0.0,1.0,producer
6,meta,31,31,0.0,1.0,producer
6,meta,32,32,0.0,1.0,producer
6,meta,33,33,0.0,2.0483454236764933,invertebrate
6,meta,34,34,0.0,2.0301636054946752,invertebrate
6,meta,35,35,0.0,2.0301636054946752,invertebrate
6,meta,36,36,0.0,1.9063636363636365,invertebrate
6,meta,37,37,0.0,2.07806345408977,invertebrate
6,meta,38,38,0.0,1.0,producer
6,meta,39,39,0.0,1.4000000000000001,invertebrate
6,meta,40,40,0.0,1.0,producer
6,meta,41,41,0.0,1.9014354066985641,invertebrate
6,meta,42,42,0.0,1.7272727272727273,invertebrate
6,meta,43,43,0.0,1.0,producer
6,meta,44,44,0.0,1.0,producer
6,meta,45,45,0.0,1.0,producer
6,meta,46,46,0.0,1.0,producer
6,meta,47,47,0.0,1.0,producer
6,niche,1,1,429.1574257566648,3.6326166315696526,invertebrate
6,niche,2,2,710.134220319346,3.85134044116272,invertebrate
6,niche,3,5,535.88159090096,3.7290688380149617,invertebrate
6,niche,4,7,10.0,2.0,invertebrate
6,niche,5,8,621.8977474295514,3.793718983762088,invertebrate
6,niche,6,10,23.71373705661655,2.375,invertebrate
6,niche,7,12,76.4761262741895,2.8835258816170146,invertebrate
6,niche,8,14,786.0970760254023,3.895476180872592,invertebrate
6,niche,9,16,10.0,2.0,invertebrate
6,niche,10,17,1.0,1.0,producer
6,niche,11,18,57.00964091293921,2.7559483055187757,invertebrate
6,niche,12,21,142.63362903950193,3.1542219321388263,invertebrate
6,niche,13,22,10.0,2.0,invertebrate
6,niche,14,25,23.71373705661655,2.375,invertebrate
6,niche,15,28,6.812920690579615,1.8333333333333335,invertebrate
6,niche,16,33,26.10157215682536,2.4166666666666665,invertebrate
6,niche,17,34,5.994842503189409,1.7777777777777777,invertebrate
6,niche,18,36,11.659144011798324,2.066666666666667,invertebrate
6,niche,19,37,11.364636663857254,2.055555555555556,invertebrate
6,niche,20,38,1.0,1.0,producer
6,niche,21,39,1.0,1.0,producer
6,niche,22,40,17.78279410038923,2.25,invertebrate
6,niche,23,41,1.0,1.0,producer
6,niche,24,42,10.0,2.0,invertebrate
6,niche,25,43,1.0,1.0,producer
6,niche,26,44,1.0,1.0,producer
6,niche,27,47,1.0,1.0,producer
6,down_size,1,1,0.0,2.0,invertebrate
6,down_size,2,2,0.0,2.0770202020202024,invertebrate
6,down_size,3,3,0.0,1.9321895424836601,invertebrate
6,down_size,4,4,0.0,1.8678509961236633,invertebrate
6,down_size,5,5,0.0,2.086820082421736,invertebrate
6,down_size,6,6,0.0,2.042641591952766,invertebrate
6,down_size,7,7,0.0,1.0,producer
6,down_size,8,8,0.0,1.0,producer
6,down_size,9,9,0.0,1.0,producer
6,down_size,10,10,0.0,1.0,producer
6,down_size,11,11,0.0,1.0,producer
6,down_size,12,12,0.0,1.0,producer
6,down_size,13,13,0.0,1.0,producer
6,down_size,14,14,0.0,1.0,producer
6,down_size,15,15,0.0,1.0,producer
6,down_size,16,16,0.0,1.0,producer
6,down_size,17,17,0.0,1.0,producer
6,down_size,18,18,0.0,1.0,producer
6,down_size,19,19,0.0,1.0,producer
6,down_size,20,20,0.0,1.0,producer
6,down_size,21,21,0.0,1.0,producer
6,down_size,22,22,0.0,1.0,producer
6,down_size,23,23,0.0,1.0,producer
6,down_size,24,24,0.0,1.0,producer
6,down_size,25,25,0.0,1.0,producer
6,down_size,26,26,0.0,1.0,producer
6,down_size,27,27,0.0,1.0,producer
6,down_size,28,28,0.0,1.0,producer
6,down_size,29,29,0.0,1.0,producer
6,down_size,30,30,0.0,1.0,producer
6,down_size,31,31,0.0,1.0,producer
6,down_size,32,32,0.0,1.0,producer
6,down_size,33,33,0.0,2.0092456826327796,invertebrate
6,down_size,34,34,0.0,1.978942652329749,invertebrate
6,down_size,35,35,0.0,1.978942652329749,invertebrate
6,down_size,36,36,0.0,1.25,invertebrate
6,down_size,37,37,0.0,1.9881368904439096,invertebrate
6,down_size,38,38,0.0,1.0,producer
6,down_size,39,39,0.0,1.0,producer
6,down_size,40,40,0.0,1.0,producer
6,down_size,41,41,0.0,1.8472222222222223,invertebrate
6,down_size,42,42,0.0,1.25,invertebrate
6,down_size,43,43,0.0,1.0,producer
6,down_size,44,44,0.0,1.0,producer
6,down_size,45,45,0.0,1.0,producer
6,down_size,46,46,0.0,1.0,producer
6,down_size,47,47,0.0,1.0,producer
6,down,1,1,0.0,2.0,invertebrate
6,down,2,2,0.0,1.8666666666666663,invertebrate
6,down,3,3,0.0,1.995173453996983,invertebrate
6,down,4,4,0.0,2.6042402288795174,invertebrate
6,down,5,5,0.0,2.1067469711198896,invertebrate
6,down,6,6,0.0,2.078281112154586,invertebrate
6,down,7,7,0.0,1.0,producer
6,down,8,8,0.0,1.0,producer
6,down,9,9,0.0,1.0,producer
6,down,10,10,0.0,1.0,producer
6,down,11,11,0.0,1.0,producer
6,down,12,12,0.0,1.0,producer
6,down,13,13,0.0,1.0,producer
6,down,14,14,0.0,1.0,producer
6,down,15,15,0.0,1.0,producer
6,down,16,16,0.0,1.0,producer
6,down,17,18,0.0,1.0,producer
6,down,18,19,0.0,1.0,producer
6,down,19,20,0.0,1.0,producer
6,down,20,21,0.0,1.0,producer
6,down,21,22,0.0,1.0,producer
6,down,22,23,0.0,1.0,producer
6,down,23,24,0.0,1.0,producer
6,down,24,25,0.0,1.0,producer
6,down,25,26,0.0,1.0,producer
6,down,26,27,0.0,1.0,producer
6,down,27,28,0.0,1.0,producer
6,down,28,29,0.0,1.0,producer
6,down,29,30,0.0,1.0,producer
6,down,30,31,0.0,1.0,producer
6,down,31,32,0.0,1.0,producer
6,down,32,33,0.0,2.048500962817432,invertebrate
6,down,33,34,0.0,2.019371992676621,invertebrate
6,down,34,35,0.0,2.0187666179054764,invertebrate
6,down,35,36,0.0,1.8444444444444446,invertebrate
6,down,36,37,0.0,2.0494800648851705,invertebrate
6,down,37,38,0.0,1.0,producer
6,down,38,39,0.0,1.0,invertebrate
6,down,39,40,0.0,1.0,producer
6,down,40,41,0.0,2.0512820512820515,invertebrate
6,down,41,42,0.0,1.6666666666666667,invertebrate
6,down,42,43,0.0,1.0,producer
6,down,43,44,0.0,1.0,producer
6,down,44,45,0.0,1.0,producer
6,down,45,46,0.0,1.0,producer
6,down,46,47,0.0,1.0,producer
7,meta_size,1,1,0.0,1.7999999999999998,invertebrate
7,meta_size,2,2,0.0,1.955071770334928,invertebrate
7,meta_size,3,3,0.0,1.9828253588516755,invertebrate
7,meta_size,4,4,0.0,2.1210773460640233,invertebrate
7,meta_size,5,5,0.0,2.121604743392571,invertebrate
7,meta_size,6,6,0.0,2.0758989519252684,invertebrate
7,meta_size,7,7,0.0,1.0,producer
7,meta_size,8,8,0.0,1.0,producer
7,meta_size,9,9,0.0,1.0,producer
7,meta_size,10,10,0.0,1.0,producer
7,meta_size,11,11,0.0,1.0,producer
7,meta_size,12,12,0.0,1.0,producer
7,meta_size,13,13,0.0,1.0,producer
7,meta_size,14,14,0.0,1.0,producer
7,meta_size,15,15,0.0,1.0,producer
7,meta_size,16,16,0.0,1.0,producer
7,meta_size,17,17,0.0,1.0,producer
7,meta_size,18,18,0.0,1.0,producer
7,meta_size,19,19,0.0,1.0,producer
7,meta_size,20,20,0.0,1.0,producer
7,meta_size,21,21,0.0,1.0,producer
7,meta_size,22,22,0.0,1.0,producer
7,meta_size,23,23,0.0,1.0,producer
7,meta_size,24,24,0.0,1.0,producer
7,meta_size,25,25,0.0,1.0,producer
7,meta_size,26,26,0.0,1.0,producer
7,meta_size,27,27,0.0,1.0,producer
7,meta_size,28,28,0.0,1.0,producer
7,meta_size,29,29,0.0,1.0,producer
7,meta_size,30,30,0.0,1.0,producer
7,meta_size,31,31,0.0,1.0,producer
7,meta_size,32,32,0.0,1.0,producer
7,meta_size,33,33,0.0,2.043741318104646,invertebrate
7,meta_size,34,34,0.0,2.0255594999228284,invertebrate
7,meta_size,35,35,0.0,2.0255594999228284,invertebrate
7,meta_size,36,36,0.0,1.7636363636363637,invertebrate
7,meta_size,37,37,0.0,2.0304444064707226,invertebrate
7,meta_size,38,38,0.0,1.0,producer
7,meta_size,39,39,0.0,1.4000000000000001,invertebrate
7,meta_size,40,40,0.0,1.0,producer
7,meta_size,41,41,0.0,1.9014354066985641,invertebrate
7,meta_size,42,42,0.0,1.7272727272727273,invertebrate
7,meta_size,43,43,0.0,1.0,producer
7,meta_size,44,44,0.0,1.0,producer
7,meta_size,45,45,0.0,1.0,producer
7,meta_size,46,46,0.0,1.0,producer
7,meta_size,47,47,0.0,1.0,producer
7,meta,1,1,0.0,1.7999999999999998,invertebrate
7,meta,2,2,0.0,1.955071770334928,invertebrate
7,meta,3,3,0.0,1.9828253588516755,invertebrate
7,meta,4,4,0.0,2.1263668482285256,invertebrate
7,meta,5,5,0.0,2.1247162152540433,invertebrate
7,meta,6,6,0.0,2.0780634540897704,invertebrate
7,meta,7,7,0.0,1.0,producer
7,meta,8,8,0.0,1.0,producer
7,meta,9,9,0.0,1.0,producer
7,meta,10,10,0.0,1.0,producer
7,meta,11,11,0.0,1.0,producer
7,meta,12,12,0.0,1.0,producer
7,meta,13,13,0.0,1.0,producer
7,meta,14,14,0.0,1.0,producer
7,meta,15,15,0.0,1.0,producer
7,meta,16,16,0.0,1.0,producer
7,meta,17,17,0.0,1.0,producer
7,meta,18,18,0.0,1.0,producer
7,meta,19,19,0.0,1.0,producer
7,meta,20,20,0.0,1.0,producer
7,meta,21,21,0.0,1.0,producer
7,meta,22,22,0.0,1.0,producer
7,meta,23,23,0.0,1.0,producer
7,meta,24,24,0.0,1.0,producer
7,meta,25,25,0.0,1.0,producer
7,meta,26,26,0.0,1.0,producer
7,meta,27,27,0.0,1.0,producer
7,meta,28,28,0.0,1.0,producer
7,meta,29,29,0.0,1.0,producer
7,meta,30,30,0.0,1.0,producer
7,meta,31,31,0.0,1.0,producer
7,meta,32,32,0.0,1.0,producer
7,meta,33,33,0.0,2.0483454236764933,invertebrate
7,meta,34,34,0.0,2.0301636054946752,invertebrate
7,meta,35,35,0.0,2.0301636054946752,invertebrate
7,meta,36,36,0.0,1.9063636363636365,invertebrate
7,meta,37,37,0.0,2.07806345408977,invertebrate
7,meta,38,38,0.0,1.0,producer
7,meta,39,39,0.0,1.4000000000000001,invertebrate
7,meta,40,40,0.0,1.0,producer
7,meta,41,41,0.0,1.9014354066985641,invertebrate
7,meta,42,42,0.0,1.7272727272727273,invertebrate
7,meta,43,43,0.0,1.0,producer
7,meta,44,44,0.0,1.0,producer
7,meta,45,45,0.0,1.0,producer
7,meta,46,46,0.0,1.0,producer
7,meta,47,47,0.0,1.0,producer
7,niche,1,9,350.38607062682667,3.544546832741049,invertebrate
7,niche,2,11,10.0,2.0,invertebrate
7,niche,3,12,114.97569953977344,3.06060606060606,invertebrate
7,niche,4,22,316.2277660168373,3.499999999999999,invertebrate
7,niche,5,31,1.0,1.0,producer
7,niche,6,33,31.622776601683793,2.5,invertebrate
7,niche,7,34,100.0,3.0,invertebrate
7,niche,8,35,121.15276586285864,3.0833333333333326,invertebrate
7,niche,9,38,46.41588833612777,2.6666666666666665,invertebrate
7,niche,10,39,100.0,3.0,invertebrate
7,niche,11,40,100.0,3.0,invertebrate
7,niche,12,41,10.0,2.0,invertebrate
7,niche,13,42,10.0,2.0,invertebrate
7,niche,14,43,1.0,1.0,producer
7,niche,15,44,10.0,2.0,invertebrate
7,niche,16,45,10.0,2.0,invertebrate
7,niche,17,46,1.0,1.0,producer
7,niche,18,47,1.0,1.0,producer
7,down_size,1,1,0.0,1.5714285714285712,invertebrate
7,down_size,2,2,0.0,1.755952380952381,invertebrate
7,down_size,3,3,0.0,1.8805272108843532,invertebrate
7,down_size,4,4,0.0,1.6093069727891156,invertebrate
7,down_size,5,5,0.0,1.9927690719144795,invertebrate
7,down_size,6,6,0.0,2.0465348639455785,invertebrate
7,down_size,7,7,0.0,1.0,producer
7,down_size,8,8,0.0,1.0,producer
7,down_size,9,9,0.0,1.0,producer
7,down_size,10,10,0.0,1.0,producer
7,down_size,11,11,0.0,1.0,producer
7,down_size,12,12,0.0,1.0,producer
7,down_size,13,13,0.0,1.0,producer
7,down_size,14,14,0.0,1.0,producer
7,down_size,15,15,0.0,1.0,producer
7,down_size,16,16,0.0,1.0,producer
7,down_size,17,17,0.0,1.0,producer
7,down_size,18,18,0.0,1.0,producer
7,down_size,19,19,0.0,1.0,producer
7,down_size,20,20,0.0,1.0,producer
7,down_size,21,21,0.0,1.0,producer
7,down_size,22,22,0.0,1.0,producer
7,down_size,23,23,0.0,1.0,producer
7,down_size,24,24,0.0,1.0,producer
7,down_size,25,25,0.0,1.0,producer
7,down_size,26,26,0.0,1.0,producer
7,down_size,27,27,0.0,1.0,producer
7,down_size,28,28,0.0,1.0,producer
7,down_size,29,29,0.0,1.0,producer
7,down_size,30,30,0.0,1.0,producer
7,down_size,31,31,0.0,1.0,producer
7,down_size,32,32,0.0,1.0,producer
7,down_size,33,33,0.0,2.0304624739538975,invertebrate
7,down_size,34,34,0.0,1.985007928499352,invertebrate
7,down_size,35,35,0.0,1.9845394262649558,invertebrate
7,down_size,36,36,0.0,1.6666666666666667,invertebrate
7,down_size,37,37,0.0,1.9717049319727893,invertebrate
7,down_size,38,38,0.0,1.0,producer
7,down_size,39,39,0.0,0.5,invertebrate
7,down_size,40,40,0.0,1.0,producer
7,down_size,41,41,0.0,1.7976190476190477,invertebrate
7,down_size,42,42,0.0,1.5714285714285712,invertebrate
7,down_size,43,43,0.0,1.0,producer
7,down_size,44,44,0.0,1.0,producer
7,down_size,45,45,0.0,1.0,producer
7,down_size,46,46,0.0,1.0,producer
7,down_size,47,47,0.0,1.0,producer
7,down,1,1,0.0,2.166666666666667,invertebrate
7,down,2,2,0.0,1.9358974358974352,invertebrate
7,down,3,3,0.0,2.000271863553114,invertebrate
7,down,4,4,0.0,2.8515863471103966,invertebrate
7,down,5,5,0.0,2.104544227969037,invertebrate
7,down,6,6,0.0,2.3015292969194365,invertebrate
7,down,7,7,0.0,1.0,producer
7,down,8,8,0.0,1.0,producer
7,down,9,9,0.0,1.0,producer
7,down,10,10,0.0,1.0,producer
7,down,11,11,0.0,1.0,producer
7,down,12,12,0.0,1.0,producer
7,down,13,13,0.0,1.0,producer
7,down,14,14,0.0,1.0,producer
7,down,15,15,0.0,1.0,producer
7,down,16,16,0.0,1.0,producer
7,down,17,17,0.0,1.0,producer
7,down,18,18,0.0,1.0,producer
7,down,19,19,0.0,1.0,producer
7,down,20,20,0.0,1.0,producer
7,down,21,21,0.0,1.0,producer
7,down,22,22,0.0,1.0,producer
7,down,23,23,0.0,1.0,producer
7,down,24,24,0.0,1.0,producer
7,down,25,25,0.0,1.0,producer
7,down,26,26,0.0,1.0,producer
7,down,27,27,0.0,1.0,producer
7,down,28,28,0.0,1.0,producer
7,down,29,29,0.0,1.0,producer
7,down,30,30,0.0,1.0,producer
7,down,31,31,0.0,1.0,producer
7,down,32,32,0.0,1.0,producer
7,down,33,33,0.0,2.0432027649769586,invertebrate
7,down,34,34,0.0,2.0432027649769586,invertebrate
7,down,35,35,0.0,2.0432027649769586,invertebrate
7,down,36,36,0.0,1.8125,invertebrate
7,down,37,37,0.0,2.121376367227493,invertebrate
7,down,38,38,0.0,1.0,producer
7,down,39,39,0.0,2.0,invertebrate
7,down,40,40,0.0,1.0,producer
7,down,41,41,0.0,1.9017857142857142,invertebrate
7,down,42,42,0.0,1.625,invertebrate
7,down,43,43,0.0,1.0,producer
7,down,44,44,0.0,1.0,producer
7,down,45,45,0.0,1.0,producer
7,down,46,46,0.0,1.0,producer
7,down,47,47,0.0,1.0,producer
8,meta_size,1,1,0.0,1.7999999999999998,invertebrate
8,meta_size,2,2,0.0,1.955071770334928,invertebrate
8,meta_size,3,3,0.0,1.9828253588516755,invertebrate
8,meta_size,4,4,0.0,2.1263668482285256,invertebrate
8,meta_size,5,5,0.0,2.1247162152540433,invertebrate
8,meta_size,6,6,0.0,2.0780634540897704,invertebrate
8,meta_size,7,7,0.0,1.0,producer
8,meta_size,8,8,0.0,1.0,producer
8,meta_size,9,9,0.0,1.0,producer
8,meta_size,10,10,0.0,1.0,producer
8,meta_size,11,11,0.0,1.0,producer
8,meta_size,12,12,0.0,1.0,producer
8,meta_size,13,13,0.0,1.0,producer
8,meta_size,14,14,0.0,1.0,producer
8,meta_size,15,15,0.0,1.0,producer
8,meta_size,16,16,0.0,1.0,producer
8,meta_size,17,17,0.0,1.0,producer
8,meta_size,18,18,0.0,1.0,producer
8,meta_size,19,19,0.0,1.0,producer
8,meta_size,20,20,0.0,1.0,producer
8,meta_size,21,21,0.0,1.0,producer
8,meta_size,22,22,0.0,1.0,producer
8,meta_size,23,23,0.0,1.0,producer
8,meta_size,24,24,0.0,1.0,producer
8,meta_size,25,25,0.0,1.0,producer
8,meta_size,26,26,0.0,1.0,producer
8,meta_size,27,27,0.0,1.0,producer
8,meta_size,28,28,0.0,1.0,producer
8,meta_size,29,29,0.0,1.0,producer
8,meta_size,30,30,0.0,1.0,producer
8,meta_size,31,31,0.0,1.0,producer
8,meta_size,32,32,0.0,1.0,producer
8,meta_size,33,33,0.0,2.048009809469911,invertebrate
8,meta_size,34,34,0.0,2.029827991288093,invertebrate
8,meta_size,35,35,0.0,2.029827991288093,invertebrate
8,meta_size,36,36,0.0,1.8959595959595956,invertebrate
8,meta_size,37,37,0.0,2.07806345408977,invertebrate
8,meta_size,38,38,0.0,1.0,producer
8,meta_size,39,39,0.0,1.4000000000000001,invertebrate
8,meta_size,40,40,0.0,1.0,producer
8,meta_size,41,41,0.0,1.9014354066985641,invertebrate
8,meta_size,42,42,0.0,1.7272727272727273,invertebrate
8,meta_size,43,43,0.0,1.0,producer
8,meta_size,44,44,0.0,1.0,producer
8,meta_size,45,45,0.0,1.0,producer
8,meta_size,46,46,0.0,1.0,producer
8,meta_size,47,47,0.0,1.0,producer
8,meta,1,1,0.0,1.7999999999999998,invertebrate
8,meta,2,2,0.0,1.955071770334928,invertebrate
8,meta,3,3,0.0,1.9828253588516755,invertebrate
8,meta,4,4,0.0,2.1263668482285256,invertebrate
8,meta,5,5,0.0,2.1247162152540433,invertebrate
8,meta,6,6,0.0,2.0780634540897704,invertebrate
8,meta,7,7,0.0,1.0,producer
8,meta,8,8,0.0,1.0,producer
8,meta,9,9,0.0,1.0,producer
8,meta,10,10,0.0,1.0,producer
8,meta,11,11,0.0,1.0,producer
8,meta,12,12,0.0,1.0,producer
8,meta,13,13,0.0,1.0,producer
8,meta,14,14,0.0,1.0,producer
8,meta,15,15,0.0,1.0,producer
8,meta,16,16,0.0,1.0,producer
8,meta,17,17,0.0,1.0,producer
8,meta,18,18,0.0,1.0,producer
8,meta,19,19,0.0,1.0,producer
8,meta,20,20,0.0,1.0,producer
8,meta,21,21,0.0,1.0,producer
8,meta,22,22,0.0,1.0,producer
8,meta,23,23,0.0,1.0,producer
8,meta,24,24,0.0,1.0,producer
8,meta,25,25,0.0,1.0,producer
8,meta,26,26,0.0,1.0,producer
8,meta,27,27,0.0,1.0,producer
8,meta,28,28,0.0,1.0,producer
8,meta,29,29,0.0,1.0,producer
8,meta,30,30,0.0,1.0,producer
8,meta,31,31,0.0,1.0,producer
8,meta,32,32,0.0,1.0,producer
8,meta,33,33,0.0,2.0483454236764933,invertebrate
8,meta,34,34,0.0,2.0301636054946752,invertebrate
8,meta,35,35,0.0,2.0301636054946752,invertebrate
8,meta,36,36,0.0,1.9063636363636365,invertebrate
8,meta,37,37,0.0,2.07806345408977,invertebrate
8,meta,38,38,0.0,1.0,producer
8,meta,39,39,0.0,1.4000000000000001,invertebrate
8,meta,40,40,0.0,1.0,producer
8,meta,41,41,0.0,1.9014354066985641,invertebrate
8,meta,42,42,0.0,1.7272727272727273,invertebrate
8,meta,43,43,0.0,1.0,producer
8,meta,44,44,0.0,1.0,producer
8,meta,45,45,0.0,1.0,producer
8,meta,46,46,0.0,1.0,producer
8,meta,47,47,0.0,1.0,producer
8,niche,1,2,1177.8467688013498,4.071088794871655,invertebrate
8,niche,2,3,850.6403248988516,3.9297459667461516,invertebrate
8,niche,3,7,279.4982983743732,3.4463791681835527,invertebrate
8,niche,4,10,232.7760341928793,3.3669382648371062,invertebrate
8,niche,5,11,1402.416051974607,4.1468768740242,invertebrate
8,niche,6,12,235.53516411849824,3.372055754108592,invertebrate
8,niche,7,13,100.0,3.0,invertebrate
8,niche,8,14,264.0180635575206,3.421633641396281,invertebrate
8,niche,9,15,10.0,2.0,invertebrate
8,niche,10,16,1044.712956090238,4.018996980676327,invertebrate
8,niche,11,17,133.57984710249218,3.1257409420289854,invertebrate
8,niche,12,19,10.0,2.0,invertebrate
8,niche,13,20,132.65346691652277,3.1227186048124267,invertebrate
8,niche,14,21,10.0,2.0,invertebrate
8,niche,15,23,153.10538478331964,3.1849904652936694,invertebrate
8,niche,16,24,1.0,1.0,producer
8,niche,17,25,833.1527606308015,3.920724637681159,invertebrate
8,niche,18,26,1.0,1.0,producer
8,niche,19,27,83.31527606308015,2.920724637681159,invertebrate
8,niche,20,30,648.5695004517491,3.8119565217391305,invertebrate
8,niche,21,31,10.0,2.0,invertebrate
8,niche,22,32,42.0642396916231,2.6239130434782605,invertebrate
8,niche,23,33,100.0,3.0,invertebrate
8,niche,24,34,10.0,2.0,invertebrate
8,niche,25,35,10.0,2.0,invertebrate
8,niche,26,36,10.0,2.0,invertebrate
8,niche,27,37,1.0,1.0,producer
8,niche,28,38,1.0,1.0,producer
8,niche,29,39,1.0,1.0,producer
8,niche,30,40,31.622776601683793,2.5,invertebrate
8,niche,31,41,7.498942093324558,1.875,invertebrate
8,niche,32,42,10.0,2.0,invertebrate
8,niche,33,43,1.0,1.0,producer
8,niche,34,44,1.0,1.0,producer
8,niche,35,45,1.0,1.0,invertebrate
8,niche,36,46,1.0,1.0,producer
8,niche,37,47,1.0,1.0,producer
8,down_size,1,1,0.0,2.03125,invertebrate
8,down_size,2,2,0.0,1.8210227272727273,invertebrate
8,down_size,3,3,0.0,2.165428321678321,invertebrate
8,down_size,4,4,0.0,1.854243833089987,invertebrate
8,down_size,5,5,0.0,1.9785267616998385,invertebrate
8,down_size,6,6,0.0,2.0011800699300704,invertebrate
8,down_size,7,7,0.0,1.0,producer
8,down_size,8,8,0.0,1.0,producer
8,down_size,9,9,0.0,1.0,producer
8,down_size,10,10,0.0,1.0,producer
8,down_size,11,11,0.0,1.0,producer
8,down_size,12,12,0.0,1.0,producer
8,down_size,13,13,0.0,1.0,producer
8,down_size,14,14,0.0,1.0,producer
8,down_size,15,15,0.0,1.0,producer
8,down_size,16,16,0.0,1.0,producer
8,down_size,17,17,0.0,1.0,producer
8,down_size,18,18,0.0,1.0,producer
8,down_size,19,19,0.0,1.0,producer
8,down_size,20,20,0.0,1.0,producer
8,down_size,21,21,0.0,1.0,producer
8,down_size,22,22,0.0,1.0,producer
8,down_size,23,23,0.0,1.0,producer
8,down_size,24,24,0.0,1.0,producer
8,down_size,25,25,0.0,1.0,producer
8,down_size,26,26,0.0,1.0,producer
8,down_size,27,27,0.0,1.0,producer
8,down_size,28,28,0.0,1.0,producer
8,down_size,29,29,0.0,1.0,producer
8,down_size,30,30,0.0,1.0,producer
8,down_size,31,31,0.0,1.0,producer
8,down_size,32,32,0.0,1.0,producer
8,down_size,33,33,0.0,2.044705294705295,invertebrate
8,down_size,34,34,0.0,2.0219780219780223,invertebrate
8,down_size,35,35,0.0,2.0219780219780223,invertebrate
8,down_size,36,36,0.0,2.0178571428571423,invertebrate
8,down_size,37,37,0.0,1.8986451048951047,invertebrate
8,down_size,38,38,0.0,1.0,producer
8,down_size,39,39,0.0,1.25,invertebrate
8,down_size,40,40,0.0,1.0,producer
8,down_size,41,41,0.0,1.7884615384615383,invertebrate
8,down_size,42,42,0.0,1.625,invertebrate
8,down_size,43,43,0.0,1.0,producer
8,down_size,44,44,0.0,1.0,producer
8,down_size,45,45,0.0,1.0,producer
8,down_size,46,46,0.0,1.0,producer
8,down_size,47,47,0.0,1.0,producer
8,down,1,1,0.0,1.6999999999999997,invertebrate
8,down,2,2,0.0,2.1267857142857136,invertebrate
8,down,3,3,0.0,1.84438775510204,invertebrate
8,down,4,4,0.0,2.423135190310942,invertebrate
8,down,5,5,0.0,2.0897495283538516,invertebrate
8,down,6,6,0.0,2.02592642320086,invertebrate
8,down,7,7,0.0,1.0,producer
8,down,8,8,0.0,1.0,producer
8,down,9,9,0.0,1.0,producer
8,down,10,10,0.0,1.0,producer
8,down,11,11,0.0,1.0,producer
8,down,12,12,0.0,1.0,producer
8,down,13,13,0.0,1.0,producer
8,down,14,14,0.0,1.0,producer
8,down,15,15,0.0,1.0,producer
8,down,16,16,0.0,1.0,producer
8,down,17,17,0.0,1.0,producer
8,down,18,18,0.0,1.0,producer
8,down,19,19,0.0,1.0,producer
8,down,20,20,0.0,1.0,producer
8,down,21,21,0.0,1.0,producer
8,down,22,22,0.0,1.0,producer
8,down,23,23,0.0,1.0,producer
8,down,24,24,0.0,1.0,producer
8,down,25,25,0.0,1.0,producer
8,down,26,26,0.0,1.0,producer
8,down,27,27,0.0,1.0,producer
8,down,28,28,0.0,1.0,producer
8,down,29,29,0.0,1.0,producer
8,down,30,30,0.0,1.0,producer
8,down,31,31,0.0,1.0,producer
8,down,32,32,0.0,1.0,producer
8,down,33,33,0.0,2.0380570272927647,invertebrate
8,down,34,34,0.0,2.1050284484084267,invertebrate
8,down,35,35,0.0,2.007996309395663,invertebrate
8,down,36,36,0.0,1.8214285714285716,invertebrate
8,down,37,37,0.0,2.2843922994298933,invertebrate
8,down,38,38,0.0,1.0,producer
8,down,39,39,0.0,1.0,invertebrate
8,down,40,40,0.0,1.0,producer
8,down,41,41,0.0,1.8214285714285714,invertebrate
8,down,42,42,0.0,1.5,invertebrate
8,down,43,43,0.0,1.0,producer
8,down,44,44,0.0,1.0,producer
8,down,45,45,0.0,1.0,producer
8,down,46,46,0.0,1.0,producer
8,down,47,47,0.0,1.0,producer
9,meta_size,1,1,0.0,1.7833333333333332,invertebrate
9,meta_size,2,2,0.0,1.9542384370015946,invertebrate
9,meta_size,3,3,0.0,1.981950358851675,invertebrate
9,meta_size,4,4,0.0,2.1260827336451915,invertebrate
9,meta_size,5,5,0.0,2.1245000694207103,invertebrate
9,meta_size,6,6,0.0,2.07718845408977,invertebrate
9,meta_size,7,7,0.0,1.0,producer
9,meta_size,8,8,0.0,1.0,producer
9,meta_size,9,9,0.0,1.0,producer
9,meta_size,10,10,0.0,1.0,producer
9,meta_size,11,11,0.0,1.0,producer
9,meta_size,12,12,0.0,1.0,producer
9,meta_size,13,13,0.0,1.0,producer
9,meta_size,14,14,0.0,1.0,producer
9,meta_size,15,15,0.0,1.0,producer
9,meta_size,16,16,0.0,1.0,producer
9,meta_size,17,17,0.0,1.0,producer
9,meta_size,18,18,0.0,1.0,producer
9,meta_size,19,19,0.0,1.0,producer
9,meta_size,20,20,0.0,1.0,producer
9,meta_size,21,21,0.0,1.0,producer
9,meta_size,22,22,0.0,1.0,producer
9,meta_size,23,23,0.0,1.0,producer
9,meta_size,24,24,0.0,1.0,producer
9,meta_size,25,25,0.0,1.0,producer
9,meta_size,26,26,0.0,1.0,producer
9,meta_size,27,27,0.0,1.0,producer
9,meta_size,28,28,0.0,1.0,producer
9,meta_size,29,29,0.0,1.0,producer
9,meta_size,30,30,0.0,1.0,producer
9,meta_size,31,31,0.0,1.0,producer
9,meta_size,32,32,0.0,1.0,producer
9,meta_size,33,33,0.0,2.0488179117147705,invertebrate
9,meta_size,34,34,0.0,2.0291567628749294,invertebrate
9,meta_size,35,35,0.0,2.0291567628749294,invertebrate
9,meta_size,36,36,0.0,1.8751515151515152,invertebrate
9,meta_size,37,37,0.0,2.07718845408977,invertebrate
9,meta_size,38,38,0.0,1.0,producer
9,meta_size,39,39,0.0,1.4000000000000001,invertebrate
9,meta_size,40,40,0.0,1.0,producer
9,meta_size,41,41,0.0,1.9014354066985641,invertebrate
9,meta_size,42,42,0.0,1.7272727272727273,invertebrate
9,meta_size,43,43,0.0,1.0,producer
9,meta_size,44,44,0.0,1.0,producer
9,meta_size,45,45,0.0,1.0,producer
9,meta_size,46,46,0.0,1.0,producer
9,meta_size,47,47,0.0,1.0,producer
9,meta,1,1,0.0,1.7999999999999998,invertebrate
9,meta,2,2,0.0,1.955071770334928,invertebrate
9,meta,3,3,0.0,1.9828253588516755,invertebrate
9,meta,4,4,0.0,2.1263668482285256,invertebrate
9,meta,5,5,0.0,2.1247162152540433,invertebrate
9,meta,6,6,0.0,2.0780634540897704,invertebrate
9,meta,7,7,0.0,1.0,producer
9,meta,8,8,0.0,1.0,producer
9,meta,9,9,0.0,1.0,producer
9,meta,10,10,0.0,1.0,producer
9,meta,11,11,0.0,1.0,producer
9,meta,12,12,0.0,1.0,producer
9,meta,13,13,0.0,1.0,producer
9,meta,14,14,0.0,1.0,producer
9,meta,15,15,0.0,1.0,producer
9,meta,16,16,0.0,1.0,producer
9,meta,17,17,0.0,1.0,producer
9,meta,18,18,0.0,1.0,producer
9,meta,19,19,0.0,1.0,producer
9,meta,20,20,0.0,1.0,producer
9,meta,21,21,0.0,1.0,producer
9,meta,22,22,0.0,1.0,producer
9,meta,23,23,0.0,1.0,producer
9,meta,24,24,0.0,1.0,producer
9,meta,25,25,0.0,1.0,producer
9,meta,26,26,0.0,1.0,producer
9,meta,27,27,0.0,1.0,producer
9,meta,28,28,0.0,1.0,producer
9,meta,29,29,0.0,1.0,producer
9,meta,30,30,0.0,1.0,producer
9,meta,31,31,0.0,1.0,producer
9,meta,32,32,0.0,1.0,producer
9,meta,33,33,0.0,2.0483454236764933,invertebrate
9,meta,34,34,0.0,2.0301636054946752,invertebrate
9,meta,35,35,0.0,2.0301636054946752,invertebrate
9,meta,36,36,0.0,1.9063636363636365,invertebrate
9,meta,37,37,0.0,2.07806345408977,invertebrate
9,meta,38,38,0.0,1.0,producer
9,meta,39,39,0.0,1.4000000000000001,invertebrate
9,meta,40,40,0.0,1.0,producer
9,meta,41,41,0.0,1.9014354066985641,invertebrate
9,meta,42,42,0.0,1.7272727272727273,invertebrate
9,meta,43,43,0.0,1.0,producer
9,meta,44,44,0.0,1.0,producer
9,meta,45,45,0.0,1.0,producer
9,meta,46,46,0.0,1.0,producer
9,meta,47,47,0.0,1.0,producer
9,niche,1,1,132.9275009489524,3.1236148400459256,invertebrate
9,niche,2,2,127.31041546525296,3.104863935421514,invertebrate
9,niche,3,3,44.66835921509626,2.6499999999999995,invertebrate
9,niche,4,4,1.0,1.0,producer
9,niche,5,5,158.56721724038005,3.2002134046509045,invertebrate
9,niche,6,6,39.496853580058755,2.596562500000001,invertebrate
9,niche,7,7,182.47894126807975,3.2612127525252523,invertebrate
9,niche,8,8,49.10334874600334,2.6911111111111126,invertebrate
9,niche,9,9,30.170557365873297,2.4795833333333333,invertebrate
9,niche,10,10,140.26118379674995,3.146937499999999,invertebrate
9,niche,11,11,23.81633881365355,2.376875,invertebrate
9,niche,12,12,87.49528582827561,2.941984654234655,invertebrate
9,niche,13,13,1.0,1.0,producer
9,niche,14,14,100.8672080599341,3.0037499999999997,invertebrate
9,niche,15,15,56.721799448674005,2.7537499999999997,invertebrate
9,niche,16,16,98.34448264391942,2.9927499999999996,invertebrate
9,niche,17,17,36.58138136353491,2.5632601010101,invertebrate
9,niche,18,18,1.0,1.0,producer
9,niche,19,19,36.86301976311986,2.566590909090908,invertebrate
9,niche,20,20,82.22426499470687,2.9149999999999987,invertebrate
9,niche,21,21,1.0,1.0,producer
9,niche,22,22,32.17362532695601,2.5075000000000003,invertebrate
9,niche,23,23,15.903766838224655,2.2015,invertebrate
9,niche,24,24,75.6397352356766,2.8787499999999997,invertebrate
9,niche,25,25,1.0,1.0,producer
9,niche,26,26,27.463127932695013,2.4387500000000006,invertebrate
9,niche,27,27,1.0,1.0,producer
9,niche,28,28,27.384196342643612,2.4375,invertebrate
9,niche,29,29,1.0,1.0,producer
9,niche,30,30,44.66835921509626,2.6499999999999995,invertebrate
9,niche,31,31,42.169650342858226,2.625,invertebrate
9,niche,32,32,1.0,1.0,producer
9,niche,33,33,32.17362532695601,2.5075000000000003,invertebrate
9,niche,34,34,1.0,1.0,producer
9,niche,35,35,1.0,1.0,producer
9,niche,36,37,19.573417814876596,2.2916666666666665,invertebrate
9,niche,37,38,4.553374104426249,1.6583333333333332,invertebrate
9,niche,38,39,1.0,1.0,producer
9,niche,39,40,1.0,1.0,producer
9,niche,40,41,1.0,1.0,producer
9,niche,41,42,7.498942093324566,1.8750000000000004,invertebrate
9,niche,42,43,17.78279410038923,2.25,invertebrate
9,niche,43,44,10.0,2.0,invertebrate
9,niche,44,45,1.0,1.0,producer
9,niche,45,46,1.0,1.0,producer
9,niche,46,47,1.0,1.0,producer
9,down_size,1,1,0.0,1.607142857142857,invertebrate
9,down_size,2,2,0.0,1.9233193277310923,invertebrate
9,down_size,3,3,0.0,1.9081538865546226,invertebrate
9,down_size,4,4,0.0,2.2590196711306474,invertebrate
9,down_size,5,5,0.0,2.6584045584697296,invertebrate
9,down_size,6,6,0.0,2.029668422246947,invertebrate
9,down_size,7,7,0.0,1.0,producer
9,down_size,8,8,0.0,1.0,producer
9,down_size,9,9,0.0,1.0,producer
9,down_size,10,10,0.0,1.0,producer
9,down_size,11,11,0.0,1.0,producer
9,down_size,12,12,0.0,1.0,producer
9,down_size,13,13,0.0,1.0,producer
9,down_size,14,14,0.0,1.0,producer
9,down_size,15,15,0.0,1.0,producer
9,down_size,16,16,0.0,1.0,producer
9,down_size,17,17,0.0,1.0,producer
9,down_size,18,18,0.0,1.0,producer
9,down_size,19,19,0.0,1.0,producer
9,down_size,20,20,0.0,1.0,producer
9,down_size,21,21,0.0,1.0,producer
9,down_size,22,22,0.0,1.0,producer
9,down_size,23,23,0.0,1.0,producer
9,down_size,24,24,0.0,1.0,producer
9,down_size,25,25,0.0,1.0,producer
9,down_size,26,26,0.0,1.0,producer
9,down_size,27,27,0.0,1.0,producer
9,down_size,28,28,0.0,1.0,producer
9,down_size,29,29,0.0,1.0,producer
9,down_size,30,30,0.0,1.0,producer
9,down_size,31,31,0.0,1.0,producer
9,down_size,32,32,0.0,1.0,producer
9,down_size,33,33,0.0,2.072610647081413,invertebrate
9,down_size,34,34,0.0,2.0476830517153095,invertebrate
9,down_size,35,35,0.0,2.0476830517153095,invertebrate
9,down_size,36,36,0.0,2.138888888888889,invertebrate
9,down_size,37,37,0.0,2.036078684522589,invertebrate
9,down_size,38,38,0.0,1.0,producer
9,down_size,39,39,0.0,1.25,invertebrate
9,down_size,40,40,0.0,1.0,producer
9,down_size,41,41,0.0,2.0892857142857144,invertebrate
9,down_size,42,42,0.0,2.0,invertebrate
9,down_size,43,43,0.0,1.0,producer
9,down_size,44,44,0.0,1.0,producer
9,down_size,45,45,0.0,1.0,producer
9,down_size,46,46,0.0,1.0,producer
9,down_size,47,47,0.0,1.0,producer
9,down,1,1,0.0,2.0000000000000004,invertebrate
9,down,2,2,0.0,1.9473389355742294,invertebrate
9,down,3,3,0.0,2.09090909090909,invertebrate
9,down,4,4,0.0,1.6818181818181823,invertebrate
9,down,5,5,0.0,2.1673066355728894,invertebrate
9,down,6,6,0.0,2.0075268384865903,invertebrate
9,down,7,7,0.0,1.0,producer
9,down,8,8,0.0,1.0,producer
9,down,9,9,0.0,1.0,producer
9,down,10,10,0.0,1.0,producer
9,down,11,11,0.0,1.0,producer
9,down,12,12,0.0,1.0,producer
9,down,13,13,0.0,1.0,producer
9,down,14,14,0.0,1.0,producer
9,down,15,15,0.0,1.0,producer
9,down,16,16,0.0,1.0,producer
9,down,17,17,0.0,1.0,producer
9,down,18,18,0.0,1.0,producer
9,down,19,19,0.0,1.0,producer
9,down,20,20,0.0,1.0,producer
9,down,21,21,0.0,1.0,producer
9,down,22,22,0.0,1.0,producer
9,down,23,23,0.0,1.0,producer
9,down,24,24,0.0,1.0,producer
9,down,25,25,0.0,1.0,producer
9,down,26,26,0.0,1.0,producer
9,down,27,27,0.0,1.0,producer
9,down,28,28,0.0,1.0,producer
9,down,29,29,0.0,1.0,producer
9,down,30,30,0.0,1.0,producer
9,down,31,31,0.0,1.0,producer
9,down,32,32,0.0,1.0,producer
9,down,33,33,0.0,2.0485728028585175,invertebrate
9,down,34,34,0.0,2.0500907029478457,invertebrate
9,down,35,35,0.0,2.0500907029478452,invertebrate
9,down,36,36,0.0,1.826530612244898,invertebrate
9,down,37,37,0.0,1.857142857142857,invertebrate
9,down,38,38,0.0,1.0,producer
9,down,39,39,0.0,2.0,invertebrate
9,down,40,40,0.0,1.0,producer
9,down,41,41,0.0,2.104761904761905,invertebrate
9,down,42,42,0.0,1.5714285714285712,invertebrate
9,down,43,43,0.0,1.0,producer
9,down,44,44,0.0,1.0,producer
9,down,45,45,0.0,1.0,producer
9,down,46,46,0.0,1.0,producer
9,down,47,47,0.0,1.0,producer
10,meta_size,1,1,0.0,1.7999999999999998,invertebrate
10,meta_size,2,2,0.0,1.955071770334928,invertebrate
10,meta_size,3,3,0.0,1.9828253588516755,invertebrate
10,meta_size,4,4,0.0,2.1263668482285256,invertebrate
10,meta_size,5,5,0.0,2.1247162152540433,invertebrate
10,meta_size,6,6,0.0,2.0780634540897704,invertebrate
10,meta_size,7,7,0.0,1.0,producer
10,meta_size,8,8,0.0,1.0,producer
10,meta_size,9,9,0.0,1.0,producer
10,meta_size,10,10,0.0,1.0,producer
10,meta_size,11,11,0.0,1.0,producer
10,meta_size,12,12,0.0,1.0,producer
10,meta_size,13,13,0.0,1.0,producer
10,meta_size,14,14,0.0,1.0,producer
10,meta_size,15,15,0.0,1.0,producer
10,meta_size,16,16,0.0,1.0,producer
10,meta_size,17,17,0.0,1.0,producer
10,meta_size,18,18,0.0,1.0,producer
10,meta_size,19,19,0.0,1.0,producer
10,meta_size,20,20,0.0,1.0,producer
10,meta_size,21,21,0.0,1.0,producer
10,meta_size,22,22,0.0,1.0,producer
10,meta_size,23,23,0.0,1.0,producer
10,meta_size,24,24,0.0,1.0,producer
10,meta_size,25,25,0.0,1.0,producer
10,meta_size,26,26,0.0,1.0,producer
10,meta_size,27,27,0.0,1.0,producer
10,meta_size,28,28,0.0,1.0,producer
10,meta_size,29,29,0.0,1.0,producer
10,meta_size,30,30,0.0,1.0,producer
10,meta_size,31,31,0.0,1.0,producer
10,meta_size,32,32,0.0,1.0,producer
10,meta_size,33,33,0.0,2.0483454236764933,invertebrate
10,meta_size,34,34,0.0,2.0301636054946752,invertebrate
10,meta_size,35,35,0.0,2.0301636054946752,invertebrate
10,meta_size,36,36,0.0,1.9063636363636365,invertebrate
10,meta_size,37,37,0.0,2.07806345408977,invertebrate
10,meta_size,38,38,0.0,1.0,producer
10,meta_size,39,39,0.0,1.4000000000000001,invertebrate
10,meta_size,40,40,0.0,1.0,producer
10,meta_size,41,41,0.0,1.9014354066985641,invertebrate
10,meta_size,42,42,0.0,1.7272727272727273,invertebrate
10,meta_size,43,43,0.0,1.0,producer
10,meta_size,44,44,0.0,1.0,producer
10,meta_size,45,45,0.0,1.0,producer
10,meta_size,46,46,0.0,1.0,producer
10,meta_size,47,47,0.0,1.0,producer
10,meta,1,1,0.0,1.7999999999999998,invertebrate
10,meta,2,2,0.0,1.955071770334928,invertebrate
10,meta,3,3,0.0,1.9828253588516755,invertebrate
10,meta,4,4,0.0,2.1263668482285256,invertebrate
10,meta,5,5,0.0,2.1247162152540433,invertebrate
10,meta,6,6,0.0,2.0780634540897704,invertebrate
10,meta,7,7,0.0,1.0,producer
10,meta,8,8,0.0,1.0,producer
10,meta,9,9,0.0,1.0,producer
10,meta,10,10,0.0,1.0,producer
10,meta,11,11,0.0,1.0,producer
10,meta,12,12,0.0,1.0,producer
10,meta,13,13,0.0,1.0,producer
10,meta,14,14,0.0,1.0,producer
10,meta,15,15,0.0,1.0,producer
10,meta,16,16,0.0,1.0,producer
10,meta,17,17,0.0,1.0,producer
10,meta,18,18,0.0,1.0,producer
10,meta,19,19,0.0,1.0,producer
10,meta,20,20,0.0,1.0,producer
10,meta,21,21,0.0,1.0,producer
10,meta,22,22,0.0,1.0,producer
10,meta,23,23,0.0,1.0,producer
10,meta,24,24,0.0,1.0,producer
10,meta,25,25,0.0,1.0,producer
10,meta,26,26,0.0,1.0,producer
10,meta,27,27,0.0,1.0,producer
10,meta,28,28,0.0,1.0,producer
10,meta,29,29,0.0,1.0,producer
10,meta,30,30,0.0,1.0,producer
10,meta,31,31,0.0,1.0,producer
10,meta,32,32,0.0,1.0,producer
10,meta,33,33,0.0,2.0483454236764933,invertebrate
10,meta,34,34,0.0,2.0301636054946752,invertebrate
10,meta,35,35,0.0,2.0301636054946752,invertebrate
10,meta,36,36,0.0,1.9063636363636365,invertebrate
10,meta,37,37,0.0,2.07806345408977,invertebrate
10,meta,38,38,0.0,1.0,producer
10,meta,39,39,0.0,1.4000000000000001,invertebrate
10,meta,40,40,0.0,1.0,producer
10,meta,41,41,0.0,1.9014354066985641,invertebrate
10,meta,42,42,0.0,1.7272727272727273,invertebrate
10,meta,43,43,0.0,1.0,producer
10,meta,44,44,0.0,1.0,producer
10,meta,45,45,0.0,1.0,producer
10,meta,46,46,0.0,1.0,producer
10,meta,47,47,0.0,1.0,producer
10,niche,1,3,2740.870762665011,4.437888558201056,invertebrate
10,niche,2,25,21.54434690031882,2.333333333333333,invertebrate
10,niche,3,28,146.77992676220674,3.166666666666666,invertebrate
10,niche,4,29,215.44346900318865,3.333333333333334,invertebrate
10,niche,5,30,46.41588833612777,2.6666666666666665,invertebrate
10,niche,6,34,953.1618832347872,3.9791666666666665,invertebrate
10,niche,7,35,10.0,2.0,invertebrate
10,niche,8,37,31.622776601683793,2.5,invertebrate
10,niche,9,39,215.44346900318865,3.333333333333334,invertebrate
10,niche,10,41,146.77992676220674,3.166666666666666,invertebrate
10,niche,11,42,21.54434690031882,2.333333333333333,invertebrate
10,niche,12,43,10.0,2.0,invertebrate
10,niche,13,44,1.0,1.0,producer
10,niche,14,45,1.0,1.0,producer
10,niche,15,46,10.0,2.0,invertebrate
10,niche,16,47,1.0,1.0,producer
10,down_size,1,1,0.0,1.8000000000000003,invertebrate
10,down_size,2,2,0.0,1.9192708333333335,invertebrate
10,down_size,3,3,0.0,1.9780943627450982,invertebrate
10,down_size,4,4,0.0,2.4919041053921567,invertebrate
10,down_size,5,5,0.0,1.9838082107843138,invertebrate
10,down_size,6,6,0.0,2.2920960864020405,invertebrate
10,down_size,7,7,0.0,1.0,producer
10,down_size,8,8,0.0,1.0,producer
10,down_size,9,9,0.0,1.0,producer
10,down_size,10,10,0.0,1.0,producer
10,down_size,11,11,0.0,1.0,producer
10,down_size,12,12,0.0,1.0,producer
10,down_size,13,13,0.0,1.0,producer
10,down_size,14,14,0.0,1.0,producer
10,down_size,15,15,0.0,1.0,producer
10,down_size,16,16,0.0,1.0,producer
10,down_size,17,17,0.0,1.0,producer
10,down_size,18,18,0.0,1.0,producer
10,down_size,19,19,0.0,1.0,producer
10,down_size,20,20,0.0,1.0,producer
10,down_size,21,21,0.0,1.0,producer
10,down_size,22,22,0.0,1.0,producer
10,down_size,23,23,0.0,1.0,producer
10,down_size,24,24,0.0,1.0,producer
10,down_size,25,25,0.0,1.0,producer
10,down_size,26,26,0.0,1.0,producer
10,down_size,27,27,0.0,1.0,producer
10,down_size,28,28,0.0,1.0,producer
10,down_size,29,29,0.0,1.0,producer
10,down_size,30,30,0.0,1.0,producer
10,down_size,31,31,0.0,1.0,producer
10,down_size,32,32,0.0,1.0,producer
10,down_size,33,33,0.0,2.043990015360983,invertebrate
10,down_size,34,34,0.0,2.043990015360983,invertebrate
10,down_size,35,35,0.0,2.043990015360983,invertebrate
10,down_size,36,36,0.0,1.8303571428571428,invertebrate
10,down_size,37,37,0.0,2.0998839271480954,invertebrate
10,down_size,38,38,0.0,1.0,producer
10,down_size,39,39,0.0,2.0,invertebrate
10,down_size,40,40,0.0,1.0,producer
10,down_size,41,41,0.0,1.9083333333333332,invertebrate
10,down_size,42,42,0.0,1.625,invertebrate
10,down_size,43,43,0.0,1.0,producer
10,down_size,44,44,0.0,1.0,producer
10,down_size,45,45,0.0,1.0,producer
10,down_size,46,46,0.0,1.0,producer
10,down_size,47,47,0.0,1.0,producer
10,down,1,1,0.0,1.9999999999999998,invertebrate
10,down,2,2,0.0,1.9327731092436973,invertebrate
10,down,3,3,0.0,2.2536287242169597,invertebrate
10,down,4,4,0.0,2.4310006096102357,invertebrate
10,down,5,5,0.0,1.9013743238342167,invertebrate
10,down,6,6,0.0,2.0073847720906546,invertebrate
10,down,7,7,0.0,1.0,producer
10,down,8,8,0.0,1.0,producer
10,down,9,9,0.0,1.0,producer
10,down,10,10,0.0,1.0,producer
10,down,11,11,0.0,1.0,producer
10,down,12,12,0.0,1.0,producer
10,down,13,13,0.0,1.0,producer
10,down,14,14,0.0,1.0,producer
10,down,15,15,0.0,1.0,producer
10,down,16,16,0.0,1.0,producer
10,down,17,17,0.0,1.0,producer
10,down,18,18,0.0,1.0,producer
10,down,19,19,0.0,1.0,producer
10,down,20,20,0.0,1.0,producer
10,down,21,21,0.0,1.0,producer
10,down,22,22,0.0,1.0,producer
10,down,23,23,0.0,1.0,producer
10,down,24,24,0.0,1.0,producer
10,down,25,25,0.0,1.0,producer
10,down,26,26,0.0,1.0,producer
10,down,27,27,0.0,1.0,producer
10,down,28,28,0.0,1.0,producer
10,down,29,29,0.0,1.0,producer
10,down,30,30,0.0,1.0,producer
10,down,31,31,0.0,1.0,producer
10,down,32,32,0.0,1.0,producer
10,down,33,33,0.0,2.0539697962794943,invertebrate
10,down,34,34,0.0,2.0236667659764636,invertebrate
10,down,35,35,0.0,2.025193654103977,invertebrate
10,down,36,36,0.0,1.875,invertebrate
10,down,37,37,0.0,2.0579747050335286,invertebrate
10,down,38,38,0.0,1.0,producer
10,down,39,39,0.0,1.0,invertebrate
10,down,40,40,0.0,1.0,producer
10,down,41,41,0.0,1.857142857142857,invertebrate
10,down,42,42,0.0,2.0,invertebrate
10,down,43,43,0.0,1.0,producer
10,down,44,44,0.0,1.0,producer
10,down,45,45,0.0,1.0,producer
10,down,46,46,0.0,1.0,producer
10,down,47,47,0.0,1.0,producer
